"OBJECTID","COBAMA","SUBTIPO_LO","TIPO_LOTE","CBML","FORMA","NUMERO_EDI","AREA_LOTE","X_MAGNAMED","Y_MAGNAMED","ESTACIONMASCERCANA","DISTANCIAAESTACI0N","COMUNA"
130583,"1509005",1,"Normal","15090050019",,0,"111,87","833215,5962","1177938,6035","Parada Guayabal","301,104597350539","15"
119614,"1509032",1,"Normal","15090320014",,0,"156,54","832736,1728","1178282,4232","Parada Guayabal","306,710365418851","15"
130574,"1509009",1,"Separador Vial o Zona Verde","15090090001",,0,"3781,59","832735,8984","1178189,9912","Parada Guayabal","305,016188202288","15"
109531,"1509005",1,"Normal","15090050018",,0,"179,54","833220,2839","1177931,5008","Parada Guayabal","308,148309559846","15"
122485,"1509005",1,"Normal","15090050024",,0,"167,52","833181,9833","1177948,5262","Parada Guayabal","266,232407766156","15"
123919,"1509005",1,"Normal","15090050022",,0,"165,09","833194,7887","1177943,0265","Parada Guayabal","280,171722004184","15"
126526,"1509005",1,"Normal","15090050020",,0,"170,37","833207,5237","1177937,3001","Parada Guayabal","294,133966469392","15"
127582,"1509005",1,"Normal","15090050021",,0,"148,28","833201,7428","1177941,5914","Parada Guayabal","287,145784716512","15"
128756,"1509005",1,"Normal","15090050045",,0,"85,51","833186,2974","1177940,529","Parada Guayabal","273,357840919605","15"
130577,"1509005",1,"Normal","15090050026",,0,"163,65","833168,9873","1177954,1156","Parada Guayabal","252,082641557313","15"
130580,"1509005",1,"Normal","15090050028",,0,"441,06","833154,1456","1177959,3824","Parada Guayabal","236,354434829421","15"
132483,"1509005",1,"Normal","15090050030",,0,"63,1","833210,8527","1177927,0456","Parada Guayabal","301,288029592444","15"
148807,"1509005",1,"Normal","15090050032",,0,"85,57","833230,6906","1177919,3881","Parada Guayabal","322,527485995176","15"
148808,"1509005",1,"Normal","15090050047",,0,"186,45","833226,8194","1177928,6114","Parada Guayabal","315,294929362964","15"
267354,"1509005",1,"Normal","15090050025",,0,"164,49","833175,4696","1177951,3281","Parada Guayabal","259,140249745091","15"
294876,"1509061",1,"Normal","15090610033",,0,"85,63","832469,2952","1178512,1605","Parada Campos de Paz","76,6650257939132","15"
295217,"1509061",1,"Lote","15090610073",,0,"168,27","832401,1764","1178516,6449","Parada Campos de Paz","24,2109993769342","15"
295219,"1509061",1,"Lote","15090610070",,0,"120,84","832612,289","1178492,5872","Parada Campos de Paz","217,258301190859","15"
295221,"1509061",1,"Normal","15090610037",,0,"42,86","832514,1134","1178508,7268","Parada Campos de Paz","120,104183370676","15"
295233,"1509061",1,"Lote","15090610076",,0,"322,33","832431,2511","1178507,1804","Parada Campos de Paz","38,8389301849699","15"
295235,"1509061",1,"Normal","15090610035",,0,"42,24","832504,0877","1178509,502","Parada Campos de Paz","110,283654988593","15"
295236,"1509061",1,"Lote","15090610068",,0,"461,46","832567,1562","1178497,5266","Parada Campos de Paz","172,186810427967","15"
295589,"1509061",1,"Lote","15090610069",,0,"728,94","832498,6665","1178503,317","Parada Campos de Paz","104,146106125435","15"
295592,"1509061",1,"Normal","15090610039",,0,"44,94","832535,0349","1178507,129","Parada Campos de Paz","140,705531020475","15"
295601,"1509061",1,"Normal","15090610034",,0,"44,27","832484,2528","1178511,024","Parada Campos de Paz","91,0023819578163","15"
295610,"1509061",1,"Normal","15090610038",,0,"43,92","832524,4123","1178507,9433","Parada Campos de Paz","130,230767765463","15"
295917,"1509061",1,"Normal","15090610074",,0,"41,81","832494,2537","1178510,2561","Parada Campos de Paz","100,694511233857","15"
108779,"1510023",1,"Normal","15100230005",,0,"242,68","833166,28","1177224,6857","Parada Apolo","276,597434103606","15"
110070,"1510999",1,"Via","15109990060",,0,"22,3","833338,125","1177149,3793","Parada Aguacatala","269,497637441891","15"
111104,"1510049",1,"Normal","15100490017",,0,"411,63","833207,4443","1177792,9796","Parada Apolo","296,193991270656","15"
111638,"1510017",1,"Normal","15100170027",,0,"740,95","833099,7397","1177357,0891","Parada Apolo","158,824335136433","15"
114479,"1510023",1,"Normal","15100230003",,0,"414,93","833158,1638","1177237,6358","Parada Apolo","263,761184113639","15"
114763,"1510041",1,"Normal","15100410002",,0,"1526,95","833257,5063","1177730,9817","Parada Apolo","248,254016938446","15"
115474,"1510049",1,"Normal","15100490020",,0,"289,94","833209,3214","1177804,2531","Parada Apolo","307,652442515703","15"
116883,"1510026",1,"Normal","15100260014",,0,"789,31","833139,7125","1177519,3888","Parada Apolo","33,4345811125287","15"
116998,"1510022",1,"Via","15100220008",,0,"235,79","833312,9792","1177171,7047","Parada Aguacatala","303,915516325116","15"
117978,"1510999",1,"Via","15109990073",,0,"611,09","833190,3315","1177645,6618","Parada Apolo","163,704535290246","15"
118097,"1510023",1,"Normal","15100230002",,0,"799,25","833157,8221","1177256,4708","Parada Apolo","244,892972530127","15"
120618,"1510017",1,"Normal","15100170026",,0,"792,15","833107,6546","1177385,5684","Parada Apolo","129,696468395983","15"
120973,"1510023",1,"Normal","15100230004",,0,"354,35","833177,6055","1177212,5619","Parada Apolo","288,943706093356","15"
120975,"1510023",1,"Normal","15100230007",,0,"432,11","833191,9993","1177205,8397","Parada Apolo","296,536727891969","15"
122565,"1510999",1,"Via","15109990061",,0,"52,5","833329,4962","1177152,5205","Parada Aguacatala","278,731007536928","15"
124706,"1510022",1,"Normal","15100220007",,0,"1662,33","833285,5628","1177179,0196","Parada Aguacatala","329,244617538355","15"
125586,"1510049",1,"Normal","15100490018",,0,"299,87","833210,7585","1177813,7931","Parada Apolo","317,328549163841","15"
128540,"1510049",1,"Normal","15100490003",,0,"500,82","833195,1239","1177869,6902","Parada Guayabal","316,145359266986","15"
129672,"1510999",1,"Via","15109990040",,,"339,53","833227,9741","1177805,2834","Parada Apolo","311,767046724197","15"
131086,"1510050",1,"Normal","15100500001",,0,"678,17","833094,5081","1177925,2707","Parada Guayabal","202,130832518798","15"
265124,"1510999",1,"Via","15109990069",,,"1059,85","833167,6704","1177557,2178","Parada Apolo","56,9638008721347","15"
267621,"1510999",1,"Via","15109990076",,0,"590,96","833141,6507","1177450,7773","Parada Apolo","55,9835062953523","15"
268412,"1510049",1,"Normal","15100490019",,0,"321,77","833211,2535","1177824,4611","Parada Apolo","327,997647695178","15"
295228,"1509061",1,"Normal","15090610040",,0,"134,6","832630,5076","1178496,3246","Parada Campos de Paz","235,490752800545","15"
109111,"1509999",1,"Via","15099990079",,0,"25,69","832826,6212","1178139,6351","Parada Guayabal","141,337899701274","15"
122138,"1509999",1,"Via","15099990078",,0,"21,56","832791,2412","1178160,045","Parada Guayabal","181,802389223268","15"
122481,"1509009",1,"Separador Vial o Zona Verde","15090090001",,0,"865,06","832870,2837","1178074,5702","Parada Guayabal","69,371505492455","15"
123920,"1509999",1,"Via","15099990076",,0,"82,26","832781,0712","1178164,9577","Parada Guayabal","192,894465050233","15"
125147,"1509999",1,"Via","15099990077",,0,"415,8","832869,1172","1178121,6198","Parada Guayabal","100,845386008509","15"
127711,"1509009",1,"Separador Vial o Zona Verde","15090090001",,0,"1277,05","832897,0951","1178094,3859","Parada Guayabal","65,4800875000507","15"
132249,"1509999",1,"Via","15099990071",,0,"21,36","832822,534","1178141,1441","Parada Guayabal","145,467592725014","15"
268736,"1509999",1,"Via","15099990072",,0,"19,78","832793,4992","1178157,5889","Parada Guayabal","178,516103100854","15"
114742,"1509006",1,"Normal","15090060005",,0,"831,36","833083,842","1177999,385","Parada Guayabal","156,324953126604","15"
126081,"1509006",1,"Normal","15090060006",,0,"682,87","833104,5667","1177990,629","Parada Guayabal","178,785967123566","15"
102062,"1506001",1,"Normal","15060010023",,0,"594,31","832215,5763","1178577,326","Parada Campos de Paz","198,173270693741","15"
103840,"1506001",1,"Normal","15060010029",,0,"642,08","832198,1329","1178605,6391","Parada Campos de Paz","226,773091842078","15"
318318,"1506001",1,"Lote","15060010027",,0,"236,19","832144,43","1178669,1707","Parada Campos de Paz","308,816325542366","15"
125818,"1501999",1,"Via","15019990003",,,"283,86","832543,9781","1177856,1521","Parada Guayabal","444,832287751162","15"
106805,"1509017",1,"Normal","15090170023",,0,"103,82","833125,7854","1178102,6395","Parada Guayabal","196,667267635401","15"
108092,"1509016",1,"Normal","15090160027",,0,"88,32","833090,4989","1178096,8741","Parada Guayabal","161,165391920738","15"
108631,"1509019",1,"Normal","15090190015",,0,"63,44","833168,8938","1178006,3929","Parada Guayabal","236,87126135364","15"
108637,"1509015",1,"Normal","15090150005",,0,"34,64","833013,7274","1178129,293","Parada Guayabal","110,709714661972","15"
108638,"1509016",1,"Normal","15090160010",,0,"180,86","833051,281","1178113,6804","Parada Guayabal","131,383351044067","15"
108639,"1509016",1,"Normal","15090160015",,0,"81,39","833035,3173","1178087,1936","Parada Guayabal","105,747232026386","15"
109532,"1509005",1,"Normal","15090050004",,0,"142,04","833312,2415","1177896,0161","Parada Guayabal","406,703635888655","15"
111335,"1509005",1,"Normal","15090050011",,0,"144,08","833266,6795","1177914,994","Parada Guayabal","357,335320874989","15"
112878,"1509005",1,"Normal","15090050010",,0,"143,02","833273,2209","1177912,2484","Parada Guayabal","364,431173075368","15"
113670,"1509016",1,"Normal","15090160013",,0,"175,96","833041,9946","1178094,5987","Parada Guayabal","114,683097125383","15"
113910,"1509016",1,"Normal","15090160016",,0,"161,6","833033,7003","1178081,0479","Parada Guayabal","102,221406351962","15"
114845,"1509005",1,"Normal","15090050027",,0,"65,06","833165,451","1177963,1927","Parada Guayabal","245,425472810427","15"
114847,"1509016",1,"Normal","15090160012",,0,"260,72","833047,6175","1178100,2831","Parada Guayabal","122,107030365438","15"
114965,"1509015",1,"Normal","15090150002",,0,"137,41","833016,7936","1178140,3429","Parada Guayabal","120,89497933979","15"
114966,"1509015",1,"Normal","15090150007",,0,"137,55","833021,6385","1178130,6459","Parada Guayabal","117,313312959682","15"
114967,"1509016",1,"Normal","15090160003",,0,"196,59","833083,0336","1178110,12","Parada Guayabal","158,549828907608","15"
115201,"1509019",1,"Normal","15090190017",,0,"116,59","833162,5007","1177988,98","Parada Guayabal","234,576834247887","15"
115203,"1509016",1,"Normal","15090160014",,0,"81,24","833037,038","1178090,8443","Parada Guayabal","108,670435404287","15"
115428,"1509005",1,"Normal","15090050009",,0,"126,92","833280,1784","1177910,5945","Parada Guayabal","371,496530470033","15"
116221,"1509005",1,"Normal","15090050003",,0,"143,57","833318,7532","1177893,294","Parada Guayabal","413,763137276104","15"
116465,"1509016",1,"Normal","15090160026",,0,"211,15","833080,5152","1178094,5208","Parada Guayabal","150,928669210126","15"
116467,"1509016",1,"Normal","15090160023",,0,"130,12","833074,2321","1178079,7479","Parada Guayabal","141,130067726825","15"
116468,"1509016",1,"Normal","15090160019",,0,"123,94","833061,7101","1178077,2168","Parada Guayabal","128,356804951059","15"
117324,"1509005",1,"Normal","15090050005",,0,"102,48","833306,8268","1177901,3112","Parada Guayabal","399,68461196131","15"
117589,"1509005",1,"Normal","15090050001",,0,"163,28","833332,0262","1177887,0796","Parada Apolo","421,390026521853","15"
119583,"1509016",1,"Normal","15090160002",,0,"153,72","833091,6206","1178109,6541","Parada Guayabal","166,365856623216","15"
120095,"1509016",1,"Normal","15090160017",,0,"86,81","833047,0238","1178081,0926","Parada Guayabal","115,012026475381","15"
120097,"1509015",1,"Normal","15090150006",,0,"68,87","833017,4235","1178118,4935","Parada Guayabal","106,063217840454","15"
120098,"1509016",1,"Normal","15090160029",,0,"60,53","833052,9387","1178083,1792","Parada Guayabal","121,270163583991","15"
122611,"1509016",1,"Lote","15090160030",,0,"57,03","833056,0124","1178082,5378","Parada Guayabal","124,063822531588","15"
123351,"1509029",1,"Normal","15090290023",,0,"88,55","833107,5089","1178134,8579","Parada Guayabal","191,064010870303","15"
123931,"1509016",1,"Normal","15090160025",,0,"215,48","833077,9672","1178088,4632","Parada Guayabal","146,803831716901","15"
124292,"1509019",1,"Normal","15090190014",,0,"162,75","833173,6752","1178015,4351","Parada Guayabal","240,071777114306","15"
125679,"1509016",1,"Normal","15090160028",,0,"72,24","833097,1071","1178102,0064","Parada Guayabal","169,003068630971","15"
126219,"1509016",1,"Normal","15090160011",,0,"212,77","833050,5664","1178106,9707","Parada Guayabal","127,633750013881","15"
126329,"1509016",1,"Normal","15090160020",,0,"58,7","833070,586","1178074,2356","Parada Guayabal","136,495746012332","15"
126330,"1509015",1,"Normal","15090150001",,0,"58,26","833025,9852","1178141,8805","Parada Guayabal","128,305118926886","15"
127081,"1509016",1,"Normal","15090160031",,0,"26,13","833066,2922","1178107,417","Parada Guayabal","142,075696320522","15"
127192,"1509016",1,"Normal","15090160001",,0,"76,43","833100,734","1178110,6054","Parada Guayabal","175,23467412212","15"
127583,"1509019",1,"Normal","15090190029",,0,"185,13","833246,5207","1177952,7565","Parada Guayabal","325,436615531621","15"
127716,"1509016",1,"Normal","15090160008",,0,"244,54","833055,8367","1178129,5869","Parada Guayabal","143,549828475133","15"
127863,"1509019",1,"Normal","15090190016",,0,"102,32","833166,4423","1177998,6184","Parada Guayabal","236,061154176141","15"
129948,"1509016",1,"Normal","15090160021",,0,"63,68","833079,175","1178067,5674","Parada Guayabal","143,406638072112","15"
130064,"1509019",1,"Normal","15090190018",,0,"146,16","833172,3943","1177990,0365","Parada Guayabal","243,867291560393","15"
130635,"1509016",1,"Normal","15090160009",,0,"198,61","833052,2231","1178121,1786","Parada Guayabal","135,972769881539","15"
132232,"1509005",1,"Normal","15090050002",,0,"101,07","833326,4375","1177893,326","Parada Guayabal","420,86357621696","15"
134012,"1509028",1,"Normal","15090280015",,0,"90,12","833132,4244","1178124,68","Parada Guayabal","209,853502194516","15"
265113,"1509016",1,"Normal","15090160024",,0,135,"833075,8926","1178083,4794","Parada Guayabal","143,569303683854","15"
269113,"1509016",1,"Normal","15090160022",,0,"61,69","833081,7179","1178071,62","Parada Guayabal","147,067618167767","15"
302566,"1509005",1,"Normal","15090050007",,0,"189,6","833291,5899","1177900,9103","Parada Guayabal","385,758586716255","15"
302567,"1509005",1,"Normal","15090050008",,0,"144,13","833286,3691","1177906,9019","Parada Guayabal","378,628041646788","15"
302569,"1509005",1,"Normal","15090050006",,0,"138,56","833299,3594","1177901,5052","Parada Guayabal","392,698236151445","15"
321383,"1509016",1,"Normal","15090160004",,0,"101,6","833077,4577","1178112,5786","Parada Guayabal","154,378392732769","15"
321384,"1509016",1,"Normal","15090160005",,0,"72,5","833075,0936","1178117,5229","Parada Guayabal","154,312250388001","15"
321385,"1509016",1,"Normal","15090160006",,0,"46,96","833072,3147","1178120,6954","Parada Guayabal","153,250957413097","15"
321386,"1509016",1,"Normal","15090160007",,0,"131,86","833064,7372","1178115,5448","Parada Guayabal","147,636824998507","15"
112727,"1509005",1,"Normal","15090050023",,0,"77,76","833190,7665","1177951,4797","Parada Guayabal","273,268550095273","15"
115429,"1509005",1,"Normal","15090050050",,0,"44,09","833322,5423","1177883,8934","Parada Apolo","414,808369608332","15"
106034,"1509064",1,"Normal","15090640001",,0,"122,84","832810,4216","1178541,5118","Parada Campos de Paz","418,147384608698","15"
106112,"1509057",1,"Normal","15090570009",,0,"111,98","832735,669","1178476,8635","Parada Campos de Paz","341,007228709398","15"
106188,"1509034",1,"Normal","15090340013",,0,"164,49","832847,5963","1178326,667","Parada Guayabal","290,781472675693","15"
106295,"1509032",1,"Normal","15090320015",,0,"164,49","832745,6035","1178282,8237","Parada Guayabal","300,960495605697","15"
106296,"1509032",1,"Normal","15090320020",,0,"164,49","832777,9059","1178269,351","Parada Guayabal","270,557211294917","15"
106297,"1509032",1,"Normal","15090320021",,0,"164,49","832784,3664","1178266,6565","Parada Guayabal","264,613171218935","15"
106820,"1509033",1,"Normal","15090330013",,0,"164,49","832723,5813","1178377,2778","Parada Campos de Paz","348,531775728338","15"
108216,"1509999",1,"Via","15099990008",,,"194,73","832748,0005","1178453,1587","Parada Campos de Paz","355,227176855706","15"
108350,"1509056",1,"Normal","15090560022",,0,"164,49","832793,391","1178384,1022","Parada Guayabal","363,757591661066","15"
108351,"1509056",1,"Normal","15090560021",,0,"164,49","832786,9098","1178386,7464","Parada Guayabal","368,772372546726","15"
108506,"1509065",1,"Normal","15090650024",,0,"189,28","832906,7421","1178514,7416","Parada Guayabal","466,559949612954","15"
108664,"1509076",1,"Normal","15090760006",,0,"138,25","832800,9077","1178597,2094","Parada Campos de Paz","418,999259033863","15"
108759,"1509054",1,"Normal","15090540008",,0,"156,5","832811,1412","1178475,9986","Parada Campos de Paz","416,424436258999","15"
109318,"1509064",1,"Normal","15090640007",,0,"146,19","832771,4655","1178555,2195","Parada Campos de Paz","381,484078176654","15"
109570,"1509033",1,"Normal","15090330002",,0,"164,49","832794,875","1178348,1917","Parada Guayabal","330,289332477365","15"
109700,"1509033",1,"Normal","15090330012",,0,"164,49","832730,0626","1178374,6336","Parada Campos de Paz","355,525397954631","15"
109811,"1509065",1,"Normal","15090650013",,0,"145,55","832835,2508","1178538,331","Parada Campos de Paz","442,476541664553","15"
109844,"1509032",1,"Normal","15090320005",,0,"164,49","832774,0309","1178296,4289","Parada Guayabal","295,131875590614","15"
110333,"1509076",1,"Normal","15090760007",,0,"152,26","832792,242","1178598,4841","Parada Campos de Paz","410,939945592652","15"
110419,"1509065",1,"Normal","15090650017",,0,"167,09","832861,0007","1178533,8326","Parada Campos de Paz","467,679475514446","15"
110559,"1509065",1,"Normal","15090650016",,0,"162,51","832854,5222","1178536,5389","Parada Campos de Paz","461,474568553421","15"
110560,"1509065",1,"Normal","15090650023",,0,"164,33","832899,7937","1178517,6128","Parada Guayabal","469,920411030062","15"
111247,"1509063",1,"Normal","15090630002",,0,"131,94","832793,2903","1178519,5105","Parada Campos de Paz","399,081680834789","15"
111507,"1509055",1,"Normal","15090550020",,0,"164,49","832847,1879","1178361,9147","Parada Guayabal","324,749687845852","15"
111508,"1509012",1,"Normal","15090120004",,0,"164,49","832863,3972","1178198,9683","Parada Guayabal","165,699974768055","15"
111509,"1509033",1,"Normal","15090330016",,0,"164,49","832734,1481","1178347,5867","Parada Guayabal","359,950682110202","15"
111510,"1509033",1,"Normal","15090330001",,0,"164,49","832801,3563","1178345,5475","Parada Guayabal","325,155166054097","15"
111511,"1509033",1,"Normal","15090330009",,0,"164,49","832749,5063","1178366,701","Parada Guayabal","367,956693029154","15"
111642,"1509034",1,"Normal","15090340014",,0,"164,49","832841,1145","1178329,3098","Parada Guayabal","295,328245623181","15"
111786,"1509032",1,"Normal","15090320007",,0,"164,49","832761,1099","1178301,8179","Parada Guayabal","306,843274349068","15"
112132,"1509056",1,"Normal","15090560018",,0,"164,49","832767,4662","1178394,6795","Parada Guayabal","384,190087842761","15"
112159,"1509057",1,"Normal","15090570013",,0,"129,91","832754,5951","1178463,1669","Parada Campos de Paz","360,798750044277","15"
112299,"1509064",1,"Normal","15090640011",,0,"122,84","832793,9841","1178569,134","Parada Campos de Paz","406,094863889281","15"
112529,"1509063",1,"Normal","15090630008",,0,"131,82","832757,0259","1178524,0396","Parada Campos de Paz","363,269714034598","15"
112530,"1509063",1,"Normal","15090630010",,0,"123,49","832761,7542","1178511,2908","Parada Campos de Paz","367,130086415927","15"
112676,"1509031",1,"Normal","15090310014",,0,"164,49","832819,8169","1178277,6124","Parada Guayabal","255,745460882763","15"
112765,"1509013",1,"Normal","15090130009",,0,"165,19","832915,7681","1178198,9833","Parada Guayabal","150,287652369342","15"
112924,"1509032",1,"Normal","15090320001",,0,"164,49","832799,8728","1178285,6508","Parada Guayabal","272,358871311701","15"
112925,"1509032",1,"Normal","15090320010",,0,"164,49","832741,7284","1178309,9015","Parada Guayabal","324,750895624787","15"
113055,"1509013",1,"Normal","15090130011",,0,"165,19","832910,4361","1178186,0386","Parada Guayabal","138,324770128677","15"
113056,"1509013",1,"Normal","15090130030",,0,"227,94","832798,4651","1178225,4127","Parada Guayabal","222,97006202028","15"
113408,"1509012",1,"Normal","15090120003",,0,"164,49","832869,8962","1178196,368","Parada Guayabal","160,57303850493","15"
113409,"1509033",1,"Normal","15090330024",,0,"108,49","832784,4871","1178322,7296","Parada Guayabal","312,303536783964","15"
113410,"1509033",1,"Normal","15090330021",,0,"164,49","832766,5544","1178334,3658","Parada Guayabal","331,363019388058","15"
113517,"1509056",1,"Normal","15090560017",,0,"164,49","832760,985","1178397,3238","Parada Campos de Paz","378,373394480676","15"
113669,"1509065",1,"Normal","15090650019",,0,"163,17","832873,9154","1178528,3671","Parada Campos de Paz","480,11093013544","15"
113799,"1509054",1,"Normal","15090540006",,0,"161,03","832816,974","1178489,5558","Parada Campos de Paz","421,910376527406","15"
113812,"1509034",1,"Normal","15090340019",,0,"164,49","832819,2785","1178312,8354","Parada Guayabal","287,879741856039","15"
113817,"1509064",1,"Normal","15090640002",,0,"122,84","832804,449","1178544,0758","Parada Campos de Paz","412,526371559949","15"
114214,"1509032",1,"Normal","15090320013",,0,"80,79","832740,6957","1178293,2675","Parada Guayabal","312,189444065048","15"
114759,"1509057",1,"Normal","15090570008",,0,"114,02","832739,1454","1178484,7305","Parada Campos de Paz","344,191027899003","15"
114979,"1509065",1,"Normal","15090650014",,0,"137,42","832839,8675","1178549,1127","Parada Campos de Paz","448,289796145158","15"
115084,"1509065",1,"Normal","15090650022",,0,"164,47","832893,3585","1178520,3501","Parada Guayabal","473,196167059557","15"
115212,"1509065",1,"Normal","15090650021",,0,"167,49","832886,8289","1178523,0397","Parada Guayabal","476,514167362054","15"
115696,"1509999",1,"Via","15099990007",,,"294,99","832767,7645","1178493,5915","Parada Campos de Paz","372,695801308437","15"
115706,"1509064",1,"Normal","15090640012",,0,"122,84","832799,957","1178566,5704","Parada Campos de Paz","411,495230222181","15"
115707,"1509064",1,"Normal","15090640010",,0,"122,84","832788,0111","1178571,6975","Parada Campos de Paz","400,727123368745","15"
115721,"1509063",1,"Normal","15090630003",,0,"131,94","832787,284","1178521,995","Parada Campos de Paz","393,264563025581","15"
115722,"1509063",1,"Normal","15090630006",,0,"123,49","832769,0167","1178528,8479","Parada Campos de Paz","375,642743618356","15"
115962,"1509033",1,"Normal","15090330022",,0,"164,49","832773,0356","1178331,7216","Parada Guayabal","325,795921344648","15"
116092,"1509034",1,"Normal","15090340020",,0,"164,49","832825,7602","1178310,1925","Parada Guayabal","282,868266948927","15"
117237,"1509064",1,"Normal","15090640009",,0,"137,62","832781,1589","1178577,3941","Parada Campos de Paz","395,191990107674","15"
117245,"1509063",1,"Normal","15090630007",,0,"150,86","832761,7831","1178535,0451","Parada Campos de Paz","369,097411873102","15"
117246,"1509063",1,"Normal","15090630016",,0,"79,99","832750,5648","1178509,0925","Parada Campos de Paz","355,852332399252","15"
117373,"1509012",1,"Normal","15090120005",,0,"164,49","832856,8982","1178201,5686","Parada Guayabal","170,959870828718","15"
117374,"1509033",1,"Normal","15090330019",,0,"164,49","832753,5919","1178339,6541","Parada Guayabal","342,655120910085","15"
117375,"1509033",1,"Normal","15090330015",,0,"164,49","832727,6669","1178350,2309","Parada Campos de Paz","362,251856854201","15"
117507,"1509034",1,"Normal","15090340015",,0,"164,49","832834,6328","1178331,9528","Parada Guayabal","299,969609345152","15"
117554,"1509012",1,"Normal","15090120006",,0,"234,99","832849,0066","1178204,7261","Parada Guayabal","177,508773882091","15"
117570,"1509999",1,"Via","15099990082",,0,"4,65","832882,8245","1178172,8106","Parada Guayabal","133,730819366687","15"
117571,"1509013",1,"Normal","15090130020",,0,"2705,1","832855,85","1178150,2491","Parada Guayabal","133,523130579561","15"
117599,"1509013",1,"Lote Problemas Jurídicos","15090130028",,0,"326,19","832794,9311","1178199,0159","Parada Guayabal","205,21383654329","15"
117745,"1509032",1,"Normal","15090320018",,0,"164,49","832764,985","1178274,74","Parada Guayabal","282,590615579918","15"
117764,"1509013",1,"Normal","15090130034",,0,"159,79","832824,9494","1178214,4869","Parada Guayabal","198,501423947923","15"
118017,"1509057",1,"Normal","15090570007",,0,"130,32","832742,9245","1178493,2828","Parada Campos de Paz","347,861586142975","15"
118118,"1509033",1,"Normal","15090330003",,0,"164,49","832788,3938","1178350,8358","Parada Guayabal","335,490945544859","15"
119103,"1509063",1,"Normal","15090630005",,0,"131,94","832775,2714","1178526,964","Parada Campos de Paz","381,696489451599","15"
119236,"1509055",1,"Normal","15090550018",,0,"164,49","832834,2267","1178367,2061","Parada Guayabal","333,584884963963","15"
119364,"1509034",1,"Normal","15090340016",,0,"164,49","832828,151","1178334,5956","Parada Guayabal","304,701113965647","15"
119600,"1509010",1,"Normal","15090100002",,0,"387,52","832757,2708","1178242,7456","Parada Guayabal","262,966586489159","15"
119717,"1509056",1,"Normal","15090560019",,0,"164,49","832773,9474","1178392,0351","Parada Guayabal","378,991217218585","15"
119871,"1509057",1,"Lote Problemas Jurídicos","15090570001",,0,"131,2","832780,7678","1178474,385","Parada Campos de Paz","386,162932336488","15"
119872,"1509057",1,"Normal","15090570003",,0,"131,23","832768,6876","1178479,1851","Parada Campos de Paz","373,887270179629","15"
119873,"1509057",1,"Normal","15090570005",,0,"121,47","832756,3047","1178483,2959","Parada Campos de Paz","361,378370430943","15"
119966,"1509065",1,"Normal","15090650018",,0,"164,16","832867,5096","1178531,1133","Parada Campos de Paz","473,936547022115","15"
120364,"1509063",1,"Normal","15090630001",,0,"131,94","832799,2966","1178517,026","Parada Campos de Paz","404,919730286625","15"
120365,"1509063",1,"Normal","15090630015",,0,"131,94","832791,5374","1178498,2678","Parada Campos de Paz","396,494217148987","15"
120512,"1509057",1,"Normal","15090570012",,0,"129,92","832748,5542","1178465,5662","Parada Campos de Paz","354,583935495187","15"
120627,"1509034",1,"Normal","15090340018",,0,"164,49","832812,7967","1178315,4783","Parada Guayabal","292,97272103784","15"
120735,"1509064",1,"Normal","15090640003",,0,"122,85","832798,4757","1178546,6387","Parada Campos de Paz","406,930736728597","15"
120872,"1509057",1,"Normal","15090570015",,0,"129,92","832766,6768","1178458,3683","Parada Campos de Paz","373,25767688001","15"
120987,"1509013",1,"Normal","15090130032",,0,"159,84","832812,376","1178219,6724","Parada Guayabal","209,984617747458","15"
121104,"1509056",1,"Normal","15090560023",,0,"164,49","832799,8723","1178381,4581","Parada Guayabal","358,809414443267","15"
121935,"1509013",1,"Normal","15090130008",,0,"165,19","832918,4342","1178205,4556","Parada Guayabal","156,398356546029","15"
122401,"1509999",1,"Via","15099990063",,0,"1779,35","832807,9509","1178238,8464","Parada Guayabal","228,26261075535","15"
122421,"1509056",1,"Normal","15090560015",,0,"164,48","832748,0228","1178402,6125","Parada Campos de Paz","364,49556855742","15"
122692,"1509999",1,"Via","15099990005",,,"96,04","832784,4809","1178588,2292","Parada Campos de Paz","400,878726288952","15"
122702,"1509056",1,"Normal","15090560020",,0,"164,49","832780,4286","1178389,3909","Parada Guayabal","373,851232107093","15"
123200,"1509064",1,"Normal","15090640008",,0,"118,21","832776,3544","1178566,4035","Parada Campos de Paz","388,26880216134","15"
123211,"1509064",1,"Lote","15090640016",,0,"84,08","832766,0946","1178545,281","Parada Campos de Paz","374,670527664155","15"
123329,"1509033",1,"Normal","15090330025",,0,"108,49","832790,9684","1178320,0854","Parada Guayabal","306,870105469221","15"
123330,"1509033",1,"Lote Problemas Jurídicos","15090330017",,0,"164,49","832740,6294","1178344,9425","Parada Guayabal","354,140940398672","15"
123331,"1509033",1,"Normal","15090330007",,0,"140,99","832762,0059","1178361,6015","Parada Guayabal","357,30441702957","15"
123339,"1509064",1,"Normal","15090640013",,0,"122,84","832805,9299","1178564,0067","Parada Campos de Paz","416,927046707013","15"
123345,"1509063",1,"Normal","15090630011",,0,"131,94","832767,5121","1178508,2058","Parada Campos de Paz","372,742979983658","15"
123443,"1509013",1,"Normal","15090130033",,0,"159,79","832818,6635","1178217,0801","Parada Guayabal","204,210373480626","15"
123480,"1509055",1,"Normal","15090550021",,0,"164,44","832853,6663","1178359,2667","Parada Guayabal","320,468530187035","15"
123580,"1509012",1,"Normal","15090120002",,0,"164,49","832876,3952","1178193,7678","Parada Guayabal","155,592407005158","15"
123581,"1509033",1,"Normal","15090330023",,0,"164,49","832779,5168","1178329,0774","Parada Guayabal","320,285041131937","15"
123705,"1509031",1,"Normal","15090310013",,0,"164,49","832826,2989","1178274,9698","Parada Guayabal","250,479302299655","15"
124090,"1509057",1,"Lote","15090570017",,0,"85,62","832745,36","1178502,2142","Parada Campos de Paz","350,410319409393","15"
124091,"1509057",1,"Normal","15090570011",,0,"129,92","832742,5134","1178467,9657","Parada Campos de Paz","348,379601857325","15"
124137,"1509013",1,"Normal","15090130012",,0,"1476,12","832857,2993","1178164,937","Parada Guayabal","140,431159878128","15"
124166,"1509010",1,"Normal","15090100004",,0,"580,48","832765,67","1178213,832","Parada Guayabal","236,38189783215","15"
124967,"1509064",1,"Normal","15090640015",,0,"122,84","832817,8759","1178558,8794","Parada Campos de Paz","427,880282933378","15"
124968,"1509064",1,"Normal","15090640005",,0,"122,84","832786,5298","1178551,7664","Parada Campos de Paz","395,823669642391","15"
125076,"1509063",1,"Normal","15090630009",,0,"93,3","832753,3411","1178515,5151","Parada Campos de Paz","358,967331259649","15"
125184,"1509012",1,"Normal","15090120001",,0,"234,99","832884,2867","1178190,6102","Parada Guayabal","149,761812219108","15"
125208,"1509033",1,"Normal","15090330018",,0,"164,49","832747,1106","1178342,2983","Parada Guayabal","348,375007592759","15"
125325,"1509033",1,"Normal","15090330011",,0,"164,49","832736,5438","1178371,9894","Parada Campos de Paz","362,519337377353","15"
125403,"1509999",1,"Via","15099990006",,,"643,83","832807,7703","1178577,7514","Parada Campos de Paz","408,35747295491","15"
125801,"1509013",1,"Normal","15090130038",,0,"163,09","832817,8048","1178193,3657","Parada Guayabal","185,802424204174","15"
125823,"1509057",1,"Normal","15090570002",,0,"131,18","832774,7273","1178476,7825","Parada Campos de Paz","380,018726809037","15"
126083,"1509054",1,"Normal","15090540007",,0,"156,45","832814,0365","1178482,7277","Parada Campos de Paz","419,091249343959","15"
126816,"1509055",1,"Normal","15090550022",,0,"164,54","832860,1493","1178356,6266","Parada Guayabal","316,291029142679","15"
126817,"1509033",1,"Normal","15090330026",,0,"111,99","832792,1662","1178332,2868","Parada Guayabal","317,161066308698","15"
126818,"1509033",1,"Normal","15090330006",,0,"187,99","832768,487","1178358,9573","Parada Guayabal","351,858028998775","15"
127098,"1509032",1,"Normal","15090320004",,0,"164,5","832780,4917","1178293,7347","Parada Guayabal","289,352633406859","15"
127328,"1509056",1,"Normal","15090560025",,0,"164,49","832812,8346","1178376,1695","Parada Guayabal","349,123722763537","15"
127329,"1509056",1,"Normal","15090560024",,0,"164,49","832806,3535","1178378,8139","Parada Guayabal","353,930507645892","15"
127482,"1509057",1,"Normal","15090570010",,0,"152,41","832731,6255","1178467,7128","Parada Campos de Paz","337,543391743993","15"
127581,"1509065",1,"Normal","15090650020",,0,"162,87","832880,3441","1178525,7538","Parada Guayabal","479,932510575376","15"
128645,"1509056",1,"Normal","15090560013",,0,"164,49","832735,0601","1178407,9007","Parada Campos de Paz","350,627196299255","15"
128800,"1509013",1,"Normal","15090130037",,0,"163,09","832820,4743","1178199,8366","Parada Guayabal","189,209201383963","15"
128801,"1509013",1,"Normal","15090130036",,0,"107,66","832830,2114","1178205,6093","Parada Guayabal","188,178779267598","15"
129019,"1509013",1,"Normal","15090130029",,0,"163,09","832798,9353","1178208,7222","Parada Guayabal","209,745787722232","15"
129063,"1509057",1,"Normal","15090570006",,0,"121,47","832750,2639","1178485,6953","Parada Campos de Paz","355,281446297866","15"
129415,"1509056",1,"Normal","15090560010",,0,"804,97","832750,3241","1178426,7834","Parada Campos de Paz","361,472828318196","15"
129438,"1509076",1,"Normal","15090760008",,0,"142,33","832798,781","1178611,074","Parada Campos de Paz","420,632102193439","15"
129680,"1509056",1,"Normal","15090560012",,0,"164,49","832728,5789","1178410,545","Parada Campos de Paz","343,69727932161","15"
129681,"1509033",1,"Normal","15090330004",,0,"164,49","832781,9126","1178353,4801","Parada Guayabal","340,757112088597","15"
129721,"1509033",1,"Normal","15090330010",,0,"164,49","832743,0251","1178369,3452","Parada Campos de Paz","369,513549583878","15"
129820,"1509055",1,"Normal","15090550019",,0,"164,49","832840,7073","1178364,5604","Parada Guayabal","329,122401502192","15"
130080,"1509034",1,"Normal","15090340017",,0,"164,49","832821,6693","1178337,2387","Parada Guayabal","309,518806789276","15"
130493,"1509032",1,"Normal","15090320008",,0,"164,49","832754,6494","1178304,5125","Parada Guayabal","312,76967859637","15"
130494,"1509032",1,"Normal","15090320019",,0,"164,49","832771,4454","1178272,0455","Parada Guayabal","276,550740791442","15"
130995,"1509010",1,"Normal","15090100001",,0,"546,77","832775,5423","1178235,4139","Parada Guayabal","245,295641560186","15"
131262,"1509033",1,"Normal","15090330005",,0,"164,49","832775,4313","1178356,1242","Parada Guayabal","346,084748014324","15"
131263,"1509033",1,"Normal","15090330008",,0,"164,49","832755,9875","1178364,0568","Parada Guayabal","362,409567405433","15"
131414,"1509064",1,"Normal","15090640006",,0,"122,84","832780,5568","1178554,33","Parada Campos de Paz","390,313943992199","15"
131522,"1509063",1,"Normal","15090630012",,0,"131,94","832773,5184","1178505,7213","Parada Campos de Paz","378,652967282792","15"
131523,"1509063",1,"Normal","15090630013",,0,"131,94","832779,5247","1178503,2368","Parada Campos de Paz","384,5820818911","15"
131630,"1509034",1,"Normal","15090340021",,0,"164,49","832832,242","1178307,5496","Parada Guayabal","277,942908667459","15"
131891,"1509064",1,"Normal","15090640014",,0,"122,84","832811,9029","1178561,4431","Parada Campos de Paz","422,389167686151","15"
131902,"1509063",1,"Normal","15090630004",,0,"131,94","832781,2777","1178524,4794","Parada Campos de Paz","387,469109221445","15"
132039,"1509032",1,"Normal","15090320011",,0,"164,49","832735,268","1178312,596","Parada Guayabal","330,801077642295","15"
132040,"1509032",1,"Normal","15090320017",,0,"164,49","832758,5245","1178277,4345","Parada Guayabal","288,673953354415","15"
132041,"1509032",1,"Lote Problemas Jurídicos","15090320022",,0,"164,49","832790,8269","1178263,9619","Parada Guayabal","258,722042058639","15"
132147,"1509065",1,"Normal","15090650015",,0,"209,46","832847,209","1178539,5939","Parada Campos de Paz","454,498729248412","15"
132164,"1509013",1,"Normal","15090130031",,0,"159,74","832806,091","1178222,2681","Parada Guayabal","215,819967642281","15"
132165,"1509013",1,"Normal","15090130035",,0,"120,27","832834,6923","1178216,4712","Parada Guayabal","194,911839583242","15"
132305,"1509057",1,"Normal","15090570016",,0,"129,92","832772,7176","1178455,9688","Parada Campos de Paz","379,50079280283","15"
132475,"1509012",1,"Normal","15090120007",,0,"167,99","832849,8406","1178187,9672","Parada Guayabal","162,626848323536","15"
132518,"1509056",1,"Normal","15090560014",,0,"164,5","832741,5413","1178405,2561","Parada Campos de Paz","357,560045913901","15"
135227,"1509999",1,"Via","15099990067",,0,"313,67","832837,6905","1178200,4894","Parada Guayabal","179,755535751394","15"
135332,"1509056",1,"Normal","15090560016",,0,"164,49","832754,5038","1178399,9679","Parada Campos de Paz","371,433219428059","15"
145592,"1509065",1,"Normal","15090650004",,0,"170,32","832877,9298","1178501,0938","Parada Guayabal","455,675162891272","15"
145593,"1509065",1,"Normal","15090650010",,0,"163,17","832839,2186","1178517,2544","Parada Campos de Paz","444,781821725317","15"
145598,"1509066",1,"Normal","15090660014",,0,"236,47","832927,9777","1178505,5561","Parada Guayabal","456,492221344549","15"
157036,"1509054",1,"Normal","15090540005",,0,"160,42","832817,7272","1178499,0917","Parada Campos de Paz","422,686392819955","15"
178887,"1509066",1,"Normal","15090660013",,0,"106,07","832920,7458","1178489,8651","Parada Guayabal","440,948646179706","15"
180088,"1509065",1,"Normal","15090650001",,0,"190,65","832897,7414","1178492,8112","Parada Guayabal","445,293263003587","15"
180089,"1509065",1,"Normal","15090650003",,0,"164,2","832884,4078","1178498,4186","Parada Guayabal","452,227426028236","15"
180090,"1509065",1,"Normal","15090650005",,0,"167,77","832871,3714","1178503,7793","Parada Guayabal","459,225605735725","15"
180091,"1509065",1,"Normal","15090650006",,0,"166,41","832864,9495","1178506,5892","Parada Guayabal","462,95980487812","15"
180092,"1509065",1,"Normal","15090650008",,0,"169,07","832852,0635","1178511,9502","Parada Campos de Paz","457,357083722684","15"
180093,"1509065",1,"Normal","15090650011",,0,"166,11","832832,8604","1178519,9909","Parada Campos de Paz","438,593434570267","15"
180094,"1509065",1,"Normal","15090650012",,0,"184,8","832826,0002","1178522,7132","Parada Campos de Paz","431,925773760453","15"
262466,"1509054",1,"Normal","15090540004",,0,"64,97","832827,5218","1178494,8477","Parada Campos de Paz","432,441656822528","15"
264627,"1509063",1,"Normal","15090630014",,0,"131,94","832785,5311","1178500,7522","Parada Campos de Paz","390,529440413185","15"
264677,"1509999",1,"Via","15099990081",,0,"131,08","832862,0536","1178182,1961","Parada Guayabal","149,361757219858","15"
264711,"1509032",1,"Normal","15090320006",,0,"164,49","832767,5703","1178299,1233","Parada Guayabal","300,963045726555","15"
265057,"1509057",1,"Normal","15090570014",,0,"129,92","832760,6359","1178460,7676","Parada Campos de Paz","367,023489096952","15"
265627,"1509065",1,"Normal","15090650009",,0,"164,72","832845,5963","1178514,6526","Parada Campos de Paz","451,017426780019","15"
265857,"1509033",1,"Normal","15090330020",,0,"164,49","832760,0731","1178337,0099","Parada Guayabal","336,983611868826","15"
266498,"1509034",1,"Normal","15090340022",,0,"164,49","832838,7238","1178304,9067","Parada Guayabal","273,108188908284","15"
266587,"1509064",1,"Normal","15090640004",,0,"122,84","832792,5027","1178549,2027","Parada Campos de Paz","401,362955667341","15"
266874,"1509032",1,"Normal","15090320002",,0,"164,48","832793,4122","1178288,3446","Parada Guayabal","277,961955457364","15"
266993,"1509032",1,"Normal","15090320003",,0,"164,49","832786,9521","1178291,0396","Parada Guayabal","283,627912191067","15"
267372,"1509057",1,"Normal","15090570004",,0,"131,21","832762,646","1178481,5837","Parada Campos de Paz","367,766655095728","15"
268697,"1509031",1,"Normal","15090310015",,0,"164,49","832810,9456","1178255,8516","Parada Guayabal","240,998452134751","15"
268784,"1509032",1,"Normal","15090320009",,0,"164,49","832748,1889","1178307,2069","Parada Guayabal","318,739667846043","15"
268806,"1509032",1,"Normal","15090320016",,0,"164,49","832752,064","1178280,1291","Parada Guayabal","294,798134371994","15"
268817,"1509013",1,"Normal","15090130010",,0,"165,19","832913,1022","1178192,5109","Parada Guayabal","144,259469747416","15"
269131,"1509031",1,"Normal","15090310016",,0,"164,49","832817,4275","1178253,2091","Parada Guayabal","235,404319449162","15"
296723,"1509065",1,"Normal","15090650002",,0,"167,99","832890,806","1178495,685","Parada Guayabal","448,812419868111","15"
296725,"1509065",1,"Normal","15090650007",,0,"164,8","832858,5388","1178509,2711","Parada Campos de Paz","463,724932281852","15"
318815,"1509054",1,"Normal","15090540009",,0,"156,53","832808,2459","1178469,2695","Parada Campos de Paz","413,870814702786","15"
318816,"1509054",1,"Normal","15090540010",,0,"161,15","832805,3082","1178462,4416","Parada Campos de Paz","411,397556064075","15"
318817,"1509054",1,"Normal","15090540011",,0,"165,8","832802,2853","1178455,4155","Parada Campos de Paz","408,97880518043","15"
108696,"1509056",1,"Normal","15090560008",,0,"160,99","832776,2488","1178416,2063","Parada Campos de Paz","388,945594024039","15"
109414,"1509056",1,"Normal","15090560009",,0,"160,99","832769,7677","1178418,8507","Parada Campos de Paz","382,070140608165","15"
112609,"1509056",1,"Normal","15090560003",,0,"160,99","832808,655","1178402,985","Parada Guayabal","375,806264495274","15"
117045,"1509056",1,"Normal","15090560002",,0,"160,99","832815,1362","1178400,3409","Parada Guayabal","371,149887926064","15"
118699,"1509056",1,"Normal","15090560006",,0,161,"832789,2118","1178410,9185","Parada Guayabal","390,196771983334","15"
125774,"1509056",1,"Normal","15090560004",,0,"160,99","832802,1738","1178405,6294","Parada Guayabal","380,534720749609","15"
128646,"1509056",1,"Normal","15090560007",,0,"160,99","832782,7301","1178413,5621","Parada Guayabal","395,124708574603","15"
132113,"1509056",1,"Normal","15090560005",,0,"160,99","832795,6926","1178408,2735","Parada Guayabal","385,332048341247","15"
135205,"1509056",1,"Normal","15090560001",,0,"160,99","832821,6174","1178397,6965","Parada Guayabal","366,567889255944","15"
265384,"1509054",1,"Normal","15090540012",,0,"378,96","832797,2448","1178443,7153","Parada Campos de Paz","405,234406389541","15"
109801,"1509005",1,"Normal","15090050046",,0,"78,38","833306,3158","1177881,6174","Parada Apolo","406,865756354672","15"
111341,"1509005",1,"Normal","15090050034",,0,"66,18","833274,9739","1177897,9235","Parada Guayabal","371,735651065328","15"
111493,"1509005",1,"Normal","15090050041",,0,"68,08","833319,5679","1177875,2926","Parada Apolo","405,695452383878","15"
112987,"1509005",1,"Lote","15090050051",,0,"14,26","833315,9275","1177876,0263","Parada Apolo","407,170439463228","15"
114844,"1509005",1,"Normal","15090050013",,0,"189,7","833252,3576","1177917,2343","Parada Guayabal","343,255290622469","15"
116220,"1509005",1,"Normal","15090050040",,0,"78,39","833312,7327","1177878,6939","Parada Apolo","406,363460873361","15"
117075,"1509005",1,"Normal","15090050043",,0,"113,45","833326,7733","1177872,1024","Parada Apolo","405,510566153603","15"
120452,"1509005",1,"Normal","15090050033",,0,"54,48","833261,3454","1177902,1099","Parada Guayabal","357,594444517516","15"
122155,"1509005",1,"Normal","15090050014",,0,"182,08","833246,0523","1177920,0886","Parada Guayabal","336,334146076808","15"
123918,"1509005",1,"Normal","15090050037",,0,"113,57","833300,9308","1177887,08","Parada Guayabal","399,863707637905","15"
125273,"1509005",1,"Lote","15090050044",,0,40,"833268,3194","1177900,3022","Parada Guayabal","364,690794850187","15"
134535,"1509005",1,"Normal","15090050012",,0,"193,07","833258,7799","1177914,4036","Parada Guayabal","350,274976208569","15"
148806,"1509005",1,"Normal","15090050015",,0,"185,21","833239,7278","1177922,9349","Parada Guayabal","329,39861064465","15"
148809,"1509005",1,"Normal","15090050048",,0,"89,58","833235,6287","1177930,9933","Parada Guayabal","322,534609622973","15"
148810,"1509005",1,"Lote","15090050049",,0,"6,4","833236,1634","1177937,5884","Parada Guayabal","320,634023500429","15"
302568,"1509005",1,"Normal","15090050035",,0,"69,06","833280,7769","1177893,2532","Parada Guayabal","378,956395316626","15"
302570,"1509005",1,"Normal","15090050036",,0,"72,36","833293,5393","1177887,439","Parada Guayabal","392,985448158198","15"
108375,"1509055",1,"Normal","15090550017",,0,161,"832843,0143","1178388,732","Parada Guayabal","351,779955398365","15"
110280,"1509055",1,"Normal","15090550015",,0,"160,99","832855,9753","1178383,4398","Parada Guayabal","343,410274534317","15"
112541,"1509055",1,"Normal","15090550013",,0,"160,99","832868,9366","1178378,1484","Parada Guayabal","335,417232585089","15"
116308,"1509055",1,"Normal","15090550016",,0,"160,99","832849,4947","1178386,0854","Parada Guayabal","347,549319259101","15"
125098,"1509055",1,"Normal","15090550014",,0,"160,99","832862,456","1178380,7941","Parada Guayabal","339,365058606475","15"
298327,"1509066",1,"Normal","15090660012",,0,"131,35","832917,1421","1178479,1749","Parada Guayabal","430,376092011284","15"
295218,"1509061",1,"Normal","15090610031",,0,"17916,43","832534,1938","1178553,0454","Parada Campos de Paz","151,5299279507","15"
295231,"1509061",1,"Lote","15090610072",,0,"154,11","832405,1427","1178534,7643","Parada Campos de Paz","42,8036938574603","15"
295597,"1509061",1,"Normal","15090610032",,0,"1610,54","832432,1043","1178525,4092","Parada Campos de Paz","49,1338798122305","15"
127994,"1510041",1,"Normal","15100410001",,0,"7437,76","833305,4986","1177800,1461","Parada Apolo","330,902390504481","15"
105868,"1510026",1,"Normal","15100260018",,0,"1254,67","832986,1525","1177519,8774","Parada Apolo","182,071582823808","15"
105878,"1510021",1,"Normal","15100210030",,0,"260,17","833344,3121","1177158,1247","Parada Aguacatala","271,945531132852","15"
105891,"1510022",1,"Normal","15100220013",,0,"1079,08","833305,1724","1177263,4279","Parada Apolo","274,844681390959","15"
105947,"1510050",1,"Normal","15100500004",,0,"901,97","833036,8011","1177950,0159","Parada Guayabal","142,459628600276","15"
105970,"1510022",1,"Normal","15100220022",,0,"389,69","833327,6967","1177324,8327","Parada Apolo","238,256477464494","15"
106427,"1510022",1,"Normal","15100220011",,0,"2017,01","833299,1769","1177233,8832","Parada Apolo","298,146475422503","15"
106890,"1510050",1,"Normal","15100500018",,0,"990,92","833049,3329","1177871,5178","Parada Guayabal","212,256616475499","15"
108186,"1510027",1,"Normal","15100270023",,0,"997,19","833235,4876","1177625,2487","Parada Apolo","142,597793117858","15"
108771,"1510021",1,"Normal","15100210004",,0,"1436,05","833397,6394","1177330,5932","Parada Apolo","286,516131310909","15"
109037,"1510022",1,"Normal","15100220017",,0,"417,61","833320,1363","1177295,7775","Parada Apolo","255,957866320241","15"
109038,"1510022",1,"Normal","15100220005",,0,"901,55","833257,0831","1177275,548","Parada Apolo","242,809715718653","15"
110688,"1510017",1,"Normal","15100170004",,0,"1182,56","833043,3396","1177389,2451","Parada Apolo","166,665953874392","15"
110850,"1510026",1,"Normal","15100260002",,0,"829,29","833085,9442","1177527,1983","Parada Apolo","85,576823723708","15"
111108,"1510021",1,"Normal","15100210023",,0,"1709,39","833467,6822","1177240,1177","Parada Aguacatala","283,937714113258","15"
111218,"1510026",1,"Normal","15100260008",,0,"901,3","833024,3356","1177479,3881","Parada Apolo","144,400678575527","15"
111910,"1510049",1,"Normal","15100490011",,0,"570,91","833107,8116","1177812,5305","Parada Guayabal","294,031765413481","15"
112010,"1510999",1,"Via","15109990022",,,"121,12","833160,3624","1177628,1724","Parada Apolo","128,318744977129","15"
112385,"1510049",1,"Normal","15100490008",,0,"381,49","833119,467","1177841,9375","Parada Guayabal","278,16472629492","15"
112388,"1510021",1,"Normal","15100210026",,0,"379,21","833390,2216","1177298,3151","Parada Apolo","301,346686885015","15"
112389,"1510021",1,"Normal","15100210010",,0,"1153,99","833391,7527","1177261,8957","Parada Apolo","328,088602272937","15"
112773,"1510049",1,"Normal","15100490010",,0,"386,42","833112,2544","1177823,8274","Parada Guayabal","287,605146101276","15"
112853,"1510999",1,"Via","15109990053",,,"1347,29","833087,5224","1177861,929","Parada Guayabal","242,278255401307","15"
113064,"1510049",1,"Normal","15100490007",,0,"369,48","833123,168","1177850,728","Parada Guayabal","274,104403600719","15"
113259,"1510026",1,"Normal","15100260019",,0,"1267,04","832994,7034","1177547,8107","Parada Apolo","178,902978154107","15"
113411,"1510021",1,"Normal","15100210012",,0,"3844,87","833394,4021","1177230,4736","Parada Aguacatala","298,519264030165","15"
114180,"1510028",1,"Normal","15100280003",,0,"2023,54","833128,7927","1177676,1058","Parada Apolo","180,355846787665","15"
114289,"1510999",1,"Via","15109990015",,0,"2121,79","833067,2529","1177214,0874","Parada Apolo","302,419943260968","15"
114449,"1510026",1,"Normal","15100260005",,0,"780,61","832964,0489","1177491,4112","Parada Apolo","203,323445769981","15"
114450,"1510026",1,"Normal","15100260009",,0,"989,36","833044,3043","1177475,8947","Parada Apolo","125,326062878284","15"
114451,"1510026",1,"Normal","15100260011",,0,"1878,57","833113,9587","1177451,919","Parada Apolo","72,1337135961701","15"
114481,"1510999",1,"Via","15109990054",,,"1186,42","833211,8238","1177220,3552","Parada Apolo","284,456977289692","15"
114529,"1510023",1,"Normal","15100230010",,0,"301,02","833195,7802","1177255,0599","Parada Apolo","247,778799357112","15"
114945,"1510022",1,"Via","15100220025",,0,"66,41","833350,4437","1177319,1617","Parada Apolo","258,102555500078","15"
114954,"1510026",1,"Normal","15100260013",,0,"1174,7","833108,5973","1177501,4977","Parada Apolo","58,6176127351024","15"
114955,"1510022",1,"Normal","15100220019",,0,"402,78","833322,6833","1177305,6272","Parada Apolo","249,681135198097","15"
115301,"1510027",1,"Normal","15100270006",,0,"511,71","833272,2834","1177605,5373","Parada Apolo","148,825128005387","15"
115310,"1510021",1,"Normal","15100210028",,0,"365,83","833359,9201","1177161,7776","Parada Aguacatala","263,942345020715","15"
115318,"1510021",1,"Normal","15100210016",,0,"777,1","833363,8829","1177186,4039","Parada Aguacatala","280,430536536061","15"
115329,"1510040",1,"Normal","15100400002",,0,"2125,59","833149,1122","1177752,4437","Parada Apolo","253,43746968749","15"
115565,"1510021",1,"Via","15100210020",,0,"2497,39","833342,9103","1177249,7895","Parada Apolo","306,695403724557","15"
115574,"1510017",1,"Normal","15100170007",,0,"1188,29","832985,8875","1177405,9229","Parada Apolo","204,578950319266","15"
115584,"1510021",1,"Normal","15100210003",,0,"1153,35","833424,0275","1177315,364","Parada Apolo","316,829231035646","15"
115593,"1510041",1,"Normal","15100410005",,0,"403,58","833316,3711","1177739,2283","Parada Apolo","282,156624263194","15"
115596,"1510027",1,"Normal","15100270021",,0,"1693,07","833292,3543","1177638,3592","Parada Apolo","186,529340454285","15"
115942,"1510022",1,"Via","15100220020",,0,"70,62","833343,0571","1177290,093","Parada Apolo","274,626642917117","15"
116586,"1510021",1,"Lote","15100210031",,0,"195,7","833333,3676","1177169,5739","Parada Aguacatala","287,805613230663","15"
116878,"1510028",1,"Normal","15100280004",,0,"5052,9","833077,102","1177684,1216","Parada Apolo","205,104769616551","15"
116993,"1510022",1,"Via","15100220023",,0,"67,85","833348,0199","1177309,5875","Parada Apolo","263,286370006916","15"
116997,"1510022",1,"Normal","15100220003",,0,"961,22","833300,9293","1177341,3649","Parada Apolo","208,154538428761","15"
117010,"1510049",1,"Normal","15100490002",,0,"441,11","833199,1692","1177852,4188","Parada Guayabal","329,612411548052","15"
117013,"1510021",1,"Lote","15100210007",,0,"134,41","833366,9821","1177309,6067","Parada Apolo","276,632030474565","15"
117052,"1510999",1,"Via","15109990075",,0,"1661,9","833040,3657","1177447,2291","Parada Apolo","137,593952889363","15"
117053,"1510026",1,"Normal","15100260015",,0,"377,55","833118,9583","1177522,3536","Parada Apolo","53,0241919052524","15"
117502,"1510017",1,"Normal","15100170008",,0,"1170,15","832966,8372","1177411,6274","Parada Apolo","219,24571854935","15"
118573,"1510022",1,"Via","15100220014",,0,"141,04","833334,4143","1177256,1299","Parada Apolo","296,635770355418","15"
118580,"1510050",1,"Normal","15100500003",,0,"712,34","833056,8786","1177941,28","Parada Guayabal","163,038707756623","15"
118832,"1510049",1,"Normal","15100490022",,0,"2512,73","833143,7355","1177883,746","Parada Guayabal","266,582494593154","15"
118835,"1510021",1,"Normal","15100210022",,0,"1045,37","833440,241","1177212,7025","Parada Aguacatala","265,860061136549","15"
119231,"1510021",1,"Lote","15100210015",,0,"138,1","833343,6299","1177212,1938","Parada Aguacatala","313,281427641616","15"
119352,"1510049",1,"Normal","15100490006",,0,"384,51","833127,0047","1177859,5137","Parada Guayabal","270,420764080542","15"
119745,"1510049",1,"Normal","15100490001",,0,"811,54","833193,1848","1177840,4141","Parada Guayabal","332,362327255397","15"
119875,"1510041",1,"Normal","15100410003",,0,"1942,52","833282,1604","1177723,4467","Parada Apolo","251,492780842217","15"
120241,"1510021",1,"Normal","15100210029",,0,"201,3","833372,3143","1177165,5148","Parada Aguacatala","258,770708611729","15"
120376,"1510028",1,"Normal","15100280022",,0,3039,"833166,6267","1177667,9516","Parada Apolo","168,038471738577","15"
121780,"1510050",1,"Normal","15100500017",,0,"1001,85","833043,6397","1177856,5533","Parada Guayabal","222,291445972114","15"
121918,"1510022",1,"Via","15100220001",,0,"216,6","833355,5282","1177339,6576","Parada Apolo","247,893815939985","15"
121919,"1510022",1,"Via","15100220024",,0,"68,23","833345,5611","1177299,926","Parada Apolo","268,777700403517","15"
121922,"1510022",1,"Normal","15100220015",,0,"1179,18","833307,0013","1177283,52","Parada Apolo","258,594020953043","15"
122134,"1510026",1,"Normal","15100260001",,0,"434,62","833105,5327","1177524,2897","Parada Apolo","66,1525358362827","15"
122178,"1510021",1,"Lote","15100210005",,0,"219,94","833373,1986","1177335,3041","Parada Apolo","264,277953170021","15"
122179,"1510021",1,"Normal","15100210018",,0,"207,89","833347,9267","1177172,9865","Parada Aguacatala","280,31677785179","15"
122334,"1510040",1,"Normal","15100400008",,0,"409,01","833120,9501","1177744,2706","Parada Apolo","248,927606784538","15"
122394,"1510023",1,"Normal","15100230008",,0,"320,56","833190,5341","1177236,1396","Parada Apolo","266,129366001249","15"
123117,"1510049",1,"Normal","15100490012",,0,"1321,45","833146,6231","1177826,4282","Parada Guayabal","307,92411293857","15"
123118,"1510041",1,"Normal","15100410007",,0,"618,49","833314,4231","1177700,5703","Parada Apolo","248,921869068874","15"
123192,"1510049",1,"Normal","15100490004",,0,"720,2","833175,9247","1177875,2514","Parada Guayabal","297,294112983301","15"
123226,"1510021",1,"Lote","15100210002",,0,"4068,68","833448,9763","1177290,0614","Parada Aguacatala","337,10792222909","15"
123227,"1510021",1,"Lote","15100210011",,0,"137,27","833357,7507","1177270,8285","Parada Apolo","298,87808802213","15"
123228,"1510021",1,"Normal","15100210021",,0,"916,36","833392,9868","1177186,0489","Parada Aguacatala","263,340650092087","15"
123446,"1510049",1,"Normal","15100490014",,0,"436,66","833170,2508","1177815,0472","Parada Apolo","315,601337812875","15"
123595,"1510022",1,"Normal","15100220004",,0,"3330,03","833267,6741","1177327,9645","Parada Apolo","200,03731633105","15"
123686,"1510017",1,"Normal","15100170002",,0,"1183,22","833081,7348","1177378,127","Parada Apolo","149,515194570941","15"
123970,"1510021",1,"Normal","15100210001",,0,"3998,08","833510,3941","1177303,7449","Parada Aguacatala","340,48240793925","15"
124020,"1510999",1,"Via","15109990052",,,"931,31","833099,3479","1177857,5395","Parada Guayabal","253,184784887704","15"
124163,"1510021",1,"Normal","15100210008",,0,"1174,94","833396,5234","1177281,3304","Parada Apolo","317,580293123722","15"
124176,"1510021",1,"Normal","15100210024",,0,"2771,42","833502,0954","1177247,0899","Parada Aguacatala","284,689600070707","15"
124552,"1510053",1,"Normal","15100530006",,0,"14814,08","833035,4956","1177288,4116","Parada Apolo","250,145660088014","15"
125039,"1510026",1,"Normal","15100260012",,0,"1015,07","833122,9336","1177482,0367","Parada Apolo","47,9656668975134","15"
125781,"1510026",1,"Normal","15100260021",,0,"1046,8","833064,0979","1177472,0416","Parada Apolo","106,957351392468","15"
126507,"1510026",1,"Normal","15100260007",,0,"825,6","833004,6318","1177483,3364","Parada Apolo","163,450628313777","15"
126946,"1510017",1,"Normal","15100170005",,0,"1185,81","833024,1731","1177394,6881","Parada Apolo","178,0537088601","15"
127204,"1510023",1,"Normal","15100230006",,0,"324,29","833188,2012","1177226,4071","Parada Apolo","275,668418867679","15"
127226,"1510049",1,"Normal","15100490015",,0,"441,6","833179,978","1177813,3726","Parada Apolo","314,166058871576","15"
127997,"1510022",1,"Via","15100220016",,0,"135,3","833339,3578","1177275,5574","Parada Apolo","283,722183499778","15"
128127,"1510022",1,"Via","15100220010",,0,"140,56","833319,5699","1177197,82","Parada Aguacatala","317,827300297151","15"
128140,"1510022",1,"Lote","15100220018",,0,"397,93","833292,3739","1177307,8258","Parada Apolo","230,17883739059","15"
128394,"1510021",1,"Lote","15100210017",,0,"140,45","833338,9861","1177192,8352","Parada Aguacatala","301,170595502028","15"
128402,"1510041",1,"Normal","15100410006",,0,"364,9","833313,8277","1177726,8399","Parada Apolo","270,299277806524","15"
128538,"1510041",1,"Normal","15100410008",,0,"549,71","833299,842","1177704,1872","Parada Apolo","243,626169990636","15"
128544,"1510021",1,"Lote","15100210009",,0,"134,87","833362,3383","1177290,1291","Parada Apolo","287,321451361253","15"
128812,"1510049",1,"Normal","15100490016",,0,"445,22","833189,8941","1177811,8618","Parada Apolo","313,213050347028","15"
129048,"1510028",1,"Normal","15100280007",,0,"446,8","833036,9873","1177632,1317","Parada Apolo","185,484554479592","15"
129265,"1510999",1,"Via","15109990055",,,"1646,08","833048,5796","1177349,8369","Parada Apolo","192,060908486064","15"
129272,"1510028",1,"Normal","15100280015",,0,"1262,13","833124,2163","1177599,8195","Parada Apolo","108,570184662703","15"
129670,"1510999",1,"Via","15109990023",,,"118,44","833121,4086","1177634,8156","Parada Apolo","142,367210219165","15"
129710,"1510017",1,"Normal","15100170006",,0,"1188,96","833005,028","1177400,2472","Parada Apolo","190,76764650895","15"
129711,"1510017",1,"Normal","15100170003",,0,"1184,95","833062,5088","1177383,6656","Parada Apolo","157,090543520954","15"
130329,"1510022",1,"Normal","15100220009",,0,"1001,3","833291,8598","1177204,7664","Parada Apolo","321,69178980379","15"
130335,"1510050",1,"Normal","15100500019",,0,"1023,31","833055,8601","1177886,3701","Parada Guayabal","203,577223370089","15"
130479,"1510022",1,"Lote","15100220026",,0,"90,92","833247,3903","1177328,4776","Parada Apolo","190,197420509626","15"
130495,"1510027",1,"Normal","15100270007",,0,"1470,37","833268,0049","1177644,2291","Parada Apolo","175,950796365328","15"
130747,"1510026",1,"Normal","15100260020",,0,"1824,01","833028,7588","1177528,6232","Parada Apolo","141,286435967741","15"
130894,"1510028",1,"Normal","15100280011",,0,"471,38","833031,0759","1177602,1767","Parada Apolo","170,124398959602","15"
131013,"1510022",1,"Via","15100220012",,0,"277,94","833326,9636","1177226,8644","Parada Apolo","317,501672112934","15"
131039,"1510022",1,"Normal","15100220002",,0,"1250,01","833332,926","1177344,5532","Parada Apolo","227,802109914691","15"
131150,"1510022",1,"Normal","15100220021",,0,"403,52","833325,1387","1177315,3242","Parada Apolo","243,727398358175","15"
131256,"1510021",1,"Lote","15100210014",,0,"773,39","833368,3416","1177206,0573","Parada Aguacatala","293,714061865157","15"
131284,"1510021",1,"Normal","15100210006",,0,"370,82","833392,6332","1177307,8786","Parada Apolo","296,804546066422","15"
131296,"1510050",1,"Normal","15100500025",,0,"2164,87","833010,7177","1177889,0787","Parada Guayabal","178,296494191115","15"
131383,"1510027",1,"Normal","15100270022",,0,"1285,74","833244,3941","1177661,1635","Parada Apolo","178,739396261979","15"
131514,"1510050",1,"Normal","15100500020",,0,"1619,9","833064,9032","1177905,6762","Parada Guayabal","194,130069064573","15"
132179,"1510028",1,"Normal","15100280016",,0,"2491,72","833152,5759","1177594,9464","Parada Apolo","95,9306079687895","15"
134429,"1510026",1,"Normal","15100260006",,0,"757,3","832984,9763","1177487,3772","Parada Apolo","182,669503232294","15"
134430,"1510026",1,"Normal","15100260010",,0,"1131,41","833083,9212","1177468,6169","Parada Apolo","89,1831510854031","15"
161799,"1510028",1,"Normal","15100280006",,0,"464,71","833051,956","1177629,3988","Parada Apolo","173,247594200224","15"
161811,"1510028",1,"Normal","15100280012",,0,"475,58","833045,8248","1177599,1321","Parada Apolo","156,625870621723","15"
161812,"1510028",1,"Normal","15100280013",,0,"775,68","833065,2557","1177595,0511","Parada Apolo","139,283485807396","15"
161813,"1510028",1,"Normal","15100280014",,0,"1294,93","833104,7517","1177603,2205","Parada Apolo","120,545834612166","15"
161814,"1510028",1,"Normal","15100280017",,0,"869,69","833087,247","1177604,4197","Parada Apolo","131,426614017354","15"
161815,"1510028",1,"Normal","15100280019",,0,"771,86","833071,707","1177625,8019","Parada Apolo","157,902529638849","15"
161816,"1510028",1,"Lote","15100280020",,0,"69,37","833094,0429","1177635,5868","Parada Apolo","154,052527357814","15"
161817,"1510999",1,"Via","15109990024",,,"128,45","833082,0572","1177641,5211","Parada Apolo","165,162090807436","15"
170426,"1510027",1,"Normal","15100270016",,0,"6320,03","833216,33","1177445,0815","Parada Apolo","74,1163891102761","15"
186273,"1510999",1,"Via","15109990041",,0,"837,68","833284,9493","1177535,0421","Parada Apolo","122,715893168108","15"
186275,"1510999",1,"Via","15109990059",,,"1802,31","833267,8501","1177451,7176","Parada Apolo","111,845767320064","15"
186276,"1510027",1,"Normal","15100270024",,0,"10105,45","833240,8639","1177544,0172","Parada Apolo","85,6300882378205","15"
186278,"1510999",1,"Via","15109990094",,,"2403,54","833244,286","1177394,2887","Parada Apolo","185,511386968692","15"
265074,"1510023",1,"Normal","15100230009",,0,"323,45","833192,962","1177245,8016","Parada Apolo","256,708198546302","15"
265869,"1510049",1,"Normal","15100490009",,0,"383,98","833116,0436","1177832,8556","Parada Guayabal","282,89251009555","15"
266097,"1510049",1,"Normal","15100490013",,0,"435,54","833160,1546","1177814,4022","Parada Apolo","315,018991926838","15"
266160,"1510040",1,"Normal","15100400001",,0,"2967,9","833188,3776","1177744,7821","Parada Apolo","246,016029594779","15"
266543,"1510050",1,"Normal","15100500024",,0,"1113,33","832980,6553","1177877,4105","Parada Guayabal","179,275102218898","15"
267732,"1510026",1,"Normal","15100260003",,0,"1360,45","833058,6368","1177523,8364","Parada Apolo","111,066258339476","15"
268377,"1510050",1,"Normal","15100500002",,0,"648,28","833075,1454","1177933,2447","Parada Guayabal","182,086851063298","15"
268471,"1510022",1,"Normal","15100220006",,0,"4379,67","833245,4063","1177221,3626","Parada Apolo","290,638421385994","15"
109122,"1510056",1,"Normal","15100560001",,,"2500,36","832994,3514","1177994,592","Parada Guayabal","70,320955400718","15"
115225,"1510050",1,"Normal","15100500023",,0,"5926,03","832973,3055","1177939,3846","Parada Guayabal","117,525920028583","15"
131513,"1510050",1,"Normal","15100500007",,0,"2582,48","832926,5354","1177910,2882","Parada Guayabal","141,012586936189","15"
108706,"1509078",1,"Normal","15090780004",,0,"104,99","832618,9399","1178671,5931","Parada Campos de Paz","286,55676535231","15"
110359,"1509062",1,"Normal","15090620033",,0,"114,99","832675,4896","1178601,8568","Parada Campos de Paz","300,837134414664","15"
111221,"1509078",1,"Normal","15090780006",,0,"104,99","832606,6871","1178678,3646","Parada Campos de Paz","281,522155621206","15"
111222,"1509078",1,"Normal","15090780003",,0,"104,99","832625,0664","1178668,2072","Parada Campos de Paz","289,295564357866","15"
111223,"1509078",1,"Normal","15090780002",,0,"104,99","832631,1929","1178664,8212","Parada Campos de Paz","292,176651002971","15"
111427,"1509062",1,"Normal","15090620020",,0,"89,77","832592,2518","1178646,6017","Parada Campos de Paz","250,081204321027","15"
111796,"1509062",1,"Normal","15090620004",,0,"121,49","832661,5257","1178593,7938","Parada Campos de Paz","284,906584536834","15"
112045,"1509077",1,"Normal","15090770024",,0,"104,99","832720,4786","1178633,2537","Parada Campos de Paz","354,406061602205","15"
113190,"1509077",1,"Normal","15090770013",,0,"104,99","832664,2172","1178647,2371","Parada Campos de Paz","310,312030015819","15"
113648,"1509078",1,"Normal","15090780020",,0,"104,99","832595,5628","1178701,6508","Parada Campos de Paz","289,633645058369","15"
113694,"1509077",1,"Normal","15090770025",,0,"104,99","832726,6035","1178629,8651","Parada Campos de Paz","358,725338987096","15"
113997,"1509062",1,"Normal","15090620032",,0,"121,8","832667,6023","1178605,9308","Parada Campos de Paz","295,040556925395","15"
114455,"1509078",1,"Normal","15090780005",,0,"104,99","832612,8136","1178674,9792","Parada Campos de Paz","283,964566646987","15"
114609,"1509078",1,"Normal","15090780024",,0,"104,99","832620,0688","1178688,1072","Parada Campos de Paz","298,027824736192","15"
114610,"1509078",1,"Normal","15090780023",,0,"104,99","832613,9423","1178691,493","Parada Campos de Paz","295,702795527098","15"
114650,"1509077",1,"Normal","15090770012",,0,"104,99","832670,3422","1178643,8486","Parada Campos de Paz","313,98983316299","15"
114651,"1509077",1,"Normal","15090770004",,0,"104,99","832719,3424","1178616,74","Parada Campos de Paz","347,116043108529","15"
114652,"1509077",1,"Normal","15090770017",,0,105,"832677,6035","1178656,9738","Parada Campos de Paz","326,785601773421","15"
115505,"1509062",1,"Normal","15090620016",,0,"131,9","832575,3477","1178625,2359","Parada Campos de Paz","223,67050759051","15"
115506,"1509062",1,"Normal","15090620021",,0,"89,77","832598,327","1178643,7661","Parada Campos de Paz","253,192946903381","15"
115507,"1509062",1,"Normal","15090620019",,0,"111,21","832585,4432","1178649,7587","Parada Campos de Paz","246,750458110958","15"
115508,"1509062",1,"Normal","15090620025",,0,"117,24","832621,6649","1178629,1293","Parada Campos de Paz","264,42755419991","15"
115509,"1509062",1,"Normal","15090620031",,0,"128,76","832659,7239","1178610,039","Parada Campos de Paz","289,422491344373","15"
116062,"1509078",1,"Normal","15090780017",,0,"105,01","832577,1836","1178711,809","Parada Campos de Paz","284,988401599435","15"
116071,"1509078",1,"Normal","15090780022",,0,105,"832607,816","1178694,8794","Parada Campos de Paz","293,527035761969","15"
117023,"1509062",1,"Normal","15090620014",,0,"128,79","832594,3549","1178622,4439","Parada Campos de Paz","237,717314330335","15"
117024,"1509062",1,"Normal","15090620026",,0,"113,83","832627,8423","1178625,976","Parada Campos de Paz","268,155806660797","15"
117180,"1509062",1,"Normal","15090620027",,0,"110,39","832634,0197","1178622,8229","Parada Campos de Paz","272,010162262727","15"
117219,"1509062",1,"Normal","15090620008",,0,"109,54","832632,9943","1178605,9252","Parada Campos de Paz","263,408282594029","15"
118004,"1509077",1,"Normal","15090770016",,0,"104,99","832671,4783","1178660,3622","Parada Campos de Paz","323,254061098784","15"
118239,"1509078",1,"Normal","15090780012",,0,"104,99","832569,9278","1178698,6801","Parada Campos de Paz","270,238612221085","15"
118623,"1509062",1,"Normal","15090620002",,0,"110,73","832678,0881","1178586,7253","Parada Campos de Paz","298,147649639948","15"
118797,"1509078",1,"Normal","15090780009",,0,"104,99","832588,3073","1178688,5223","Parada Campos de Paz","275,136814048019","15"
119864,"1509077",1,"Normal","15090770003",,0,"104,99","832725,4674","1178613,3514","Parada Campos de Paz","351,66531747248","15"
119865,"1509077",1,"Normal","15090770002",,0,"104,99","832731,5924","1178609,9628","Parada Campos de Paz","356,294141814329","15"
119866,"1509077",1,"Normal","15090770006",,0,"104,99","832707,0923","1178623,5171","Parada Campos de Paz","338,269026497534","15"
120502,"1509077",1,"Normal","15090770021",,0,"104,99","832702,1035","1178643,4194","Parada Campos de Paz","341,981659461458","15"
120503,"1509077",1,"Normal","15090770007",,0,"104,99","832700,9673","1178626,9056","Parada Campos de Paz","333,977913512896","15"
121114,"1509078",1,"Normal","15090780027",,0,"104,99","832638,4483","1178677,9495","Parada Campos de Paz","305,859999026605","15"
121117,"1509078",1,"Normal","15090780011",,0,"104,99","832576,0543","1178695,2942","Parada Campos de Paz","271,700684319052","15"
121438,"1509062",1,"Normal","15090620009",,0,"112,69","832626,5602","1178608,6804","Parada Campos de Paz","258,835783179311","15"
121439,"1509062",1,"Normal","15090620011",,0,"118,64","832613,692","1178614,2177","Parada Campos de Paz","250,041338997737","15"
121440,"1509062",1,"Normal","15090620030",,0,"103,22","832652,6763","1178613,5502","Parada Campos de Paz","284,468549663618","15"
121441,"1509062",1,"Normal","15090620034",,0,"110,32","832683,4021","1178597,8519","Parada Campos de Paz","306,8286955715","15"
122061,"1509062",1,"Normal","15090620022",,0,"127,87","832603,0711","1178638,5349","Parada Campos de Paz","253,971087635625","15"
122062,"1509062",1,"Normal","15090620023",,0,"123,67","832609,3046","1178635,3971","Parada Campos de Paz","257,344376406589","15"
122063,"1509062",1,"Normal","15090620001",,0,"116,99","832686,8194","1178582,982","Parada Campos de Paz","305,319622011461","15"
122064,"1509062",1,"Normal","15090620007",,0,"106,04","832639,4423","1178603,1913","Parada Campos de Paz","268,107177282442","15"
122139,"1509078",1,"Normal","15090780001",,0,"134,99","832638,1946","1178660,9517","Parada Campos de Paz","295,638248217759","15"
122158,"1509062",1,"Normal","15090620029",,0,"104,89","832646,4218","1178616,6027","Parada Campos de Paz","280,156048845299","15"
122339,"1509077",1,"Normal","15090770005",,0,"104,99","832713,2174","1178620,1285","Parada Campos de Paz","342,649492823931","15"
122432,"1509078",1,"Normal","15090780018",,0,105,"832583,31","1178708,4233","Parada Campos de Paz","286,374255049756","15"
122435,"1509078",1,"Normal","15090780014",,0,"142,49","832556,581","1178706,0565","Parada Campos de Paz","267,661036997918","15"
122562,"1509078",1,"Normal","15090780008",,0,105,"832594,4337","1178685,1365","Parada Campos de Paz","277,104523832416","15"
122709,"1509078",1,"Normal","15090780025",,0,105,"832626,1959","1178684,722","Parada Campos de Paz","300,498897861228","15"
122812,"1509078",1,"Normal","15090780010",,0,"104,99","832582,1809","1178691,9083","Parada Campos de Paz","273,33453805426","15"
123149,"1509062",1,"Normal","15090620017",,0,"142,09","832583,6536","1178631,7442","Parada Campos de Paz","234,227890373256","15"
124731,"1509062",1,"Normal","15090620015",,0,"97,1","832584,8002","1178621,458","Parada Campos de Paz","229,210469464233","15"
124732,"1509062",1,"Normal","15090620018",,0,"139,28","832586,7515","1178637,929","Parada Campos de Paz","240,420719313247","15"
125064,"1509062",1,"Normal","15090620028",,0,"107,66","832640,2281","1178619,7094","Parada Campos de Paz","276,030910929616","15"
125711,"1509077",1,"Normal","15090770026",,0,"104,99","832732,7286","1178626,4765","Parada Campos de Paz","363,128451049875","15"
125712,"1509077",1,"Normal","15090770008",,0,"104,99","832694,8423","1178630,2943","Parada Campos de Paz","329,779854990227","15"
125713,"1509077",1,"Normal","15090770019",,0,"104,99","832689,8535","1178650,1965","Parada Campos de Paz","334,176422179886","15"
127363,"1509077",1,"Normal","15090770010",,0,"104,99","832682,5922","1178637,0714","Parada Campos de Paz","321,676789577664","15"
127364,"1509077",1,"Normal","15090770022",,0,"104,99","832708,2285","1178640,0308","Parada Campos de Paz","346,030949801464","15"
127365,"1509077",1,"Normal","15090770028",,0,"189,09","832750,8752","1178618,9852","Parada Campos de Paz","377,481846517181","15"
128430,"1509062",1,"Normal","15090620024",,0,"120,16","832615,4861","1178632,2594","Parada Campos de Paz","260,816924746765","15"
128431,"1509062",1,"Normal","15090620035",,0,"117,03","832691,7961","1178593,6008","Parada Campos de Paz","313,333499801005","15"
128944,"1509077",1,"Normal","15090770014",,0,"134,99","832657,2172","1178651,1098","Parada Campos de Paz","306,251008465021","15"
128945,"1509077",1,"Normal","15090770011",,0,"104,99","832676,4672","1178640,46","Parada Campos de Paz","317,779357923198","15"
128946,"1509077",1,"Normal","15090770029",,0,"165,59","832746,3287","1178610,3645","Parada Campos de Paz","370,369014650561","15"
129562,"1509062",1,"Normal","15090620013",,0,"125,29","832600,8092","1178619,7074","Parada Campos de Paz","241,702315110899","15"
129896,"1509062",1,"Normal","15090620003",,0,"116,1","832669,8063","1178590,2599","Parada Campos de Paz","291,462693292986","15"
129897,"1509062",1,"Normal","15090620006",,0,"102,89","832645,8836","1178600,4335","Parada Campos de Paz","272,889315341577","15"
129977,"1509077",1,"Normal","15090770001",,0,"197,28","832741,7773","1178601,7346","Parada Campos de Paz","363,372048675428","15"
129978,"1509077",1,"Normal","15090770009",,0,"104,99","832688,7173","1178633,6829","Parada Campos de Paz","325,678253674202","15"
131204,"1509062",1,"Normal","15090620012",,0,"122,14","832607,2438","1178616,9517","Parada Campos de Paz","245,796056510306","15"
131297,"1509062",1,"Normal","15090620005",,0,"127,34","832653,2294","1178597,3071","Parada Campos de Paz","278,465161062107","15"
131751,"1509078",1,"Normal","15090780019",,0,"104,99","832589,4363","1178705,0367","Parada Campos de Paz","287,923030147641","15"
132127,"1509078",1,"Normal","15090780007",,0,105,"832600,5603","1178681,7503","Parada Campos de Paz","279,233975211559","15"
132297,"1509077",1,"Normal","15090770020",,0,"104,99","832695,9784","1178646,8079","Parada Campos de Paz","338,028976433321","15"
132298,"1509077",1,"Normal","15090770018",,0,"104,99","832683,7284","1178653,5849","Parada Campos de Paz","330,427275728956","15"
132299,"1509077",1,"Normal","15090770015",,0,"134,99","832664,4784","1178664,2349","Parada Campos de Paz","319,358752718806","15"
132530,"1509078",1,"Normal","15090780028",,0,"134,99","832645,4501","1178674,08","Parada Campos de Paz","309,167379215245","15"
132531,"1509078",1,"Normal","15090780026",,0,105,"832632,3221","1178681,3362","Parada Campos de Paz","303,110674464247","15"
132534,"1509078",1,"Normal","15090780016",,0,"104,99","832571,0567","1178715,1943","Parada Campos de Paz","283,768097365606","15"
135346,"1509078",1,"Normal","15090780015",,0,"142,49","832563,8364","1178719,1849","Parada Campos de Paz","282,546981102135","15"
135347,"1509078",1,"Normal","15090780013",,0,"104,99","832563,8013","1178702,066","Parada Campos de Paz","268,951051969201","15"
263953,"1509062",1,"Normal","15090620010",,0,"115,49","832620,133","1178611,4596","Parada Campos de Paz","254,391163189098","15"
264657,"1509078",1,"Normal","15090780021",,0,105,"832601,6896","1178698,2652","Parada Campos de Paz","291,502919448952","15"
268740,"1509077",1,"Normal","15090770027",,0,"104,99","832738,8536","1178623,0879","Parada Campos de Paz","367,61219460186","15"
269178,"1509077",1,"Normal","15090770023",,0,"104,99","832714,3536","1178636,6422","Parada Campos de Paz","350,17354083341","15"
294861,"1509061",1,"Normal","15090610014",,0,"104,99","832586,405","1178594,6393","Parada Campos de Paz","216,695016875786","15"
294862,"1509061",1,"Normal","15090610030",,0,"71,31","832492,48","1178625,1416","Parada Campos de Paz","164,280786656855","15"
294863,"1509061",1,"Normal","15090610042",,0,"166,09","832648,2042","1178499,9042","Parada Campos de Paz","253,250126237324","15"
294864,"1509061",1,"Normal","15090610047",,0,"168,34","832690,7814","1178519,0884","Parada Campos de Paz","296,858998584966","15"
294865,"1509061",1,"Normal","15090610025",,0,"89,99","832520,4949","1178619,6576","Parada Campos de Paz","178,348897766419","15"
294866,"1509061",1,"Normal","15090610048",,0,"169,33","832698,0807","1178525,0912","Parada Campos de Paz","304,700569754332","15"
294867,"1509061",1,"Normal","15090610056",,0,"148,98","832709,9372","1178573,5248","Parada Campos de Paz","324,999491199609","15"
294868,"1509061",1,"Normal","15090610063",,0,"149,48","832667,8688","1178524,9597","Parada Campos de Paz","274,66442925176","15"
294869,"1509061",1,"Normal","15090610066",,0,"215,9","832639,4722","1178515,2586","Parada Campos de Paz","245,423142419246","15"
294870,"1509061",1,"Normal","15090610002",,0,"104,96","832664,9349","1178564,8305","Parada Campos de Paz","279,262306184361","15"
294871,"1509061",1,"Normal","15090610016",,0,"104,99","832573,3163","1178599,6074","Parada Campos de Paz","207,743159182393","15"
294872,"1509061",1,"Normal","15090610018",,0,"104,99","832560,2278","1178604,5757","Parada Campos de Paz","199,373828607667","15"
294873,"1509061",1,"Normal","15090610052",,0,"158,79","832719,7648","1178555,42","Parada Campos de Paz","330,62995651206","15"
294874,"1509061",1,"Normal","15090610003",,0,"104,99","832658,392","1178567,315","Parada Campos de Paz","273,611293255474","15"
294875,"1509061",1,"Normal","15090610022",,0,90,"832537,3233","1178613,2703","Parada Campos de Paz","186,362270258464","15"
295220,"1509061",1,"Lote","15090610071",,0,"527,87","832569,9654","1178591,2653","Parada Campos de Paz","200,64757192481","15"
295222,"1509061",1,"Normal","15090610013",,0,"104,99","832592,9492","1178592,1554","Parada Campos de Paz","221,367379948238","15"
295223,"1509061",1,"Normal","15090610020",,0,"89,99","832548,5417","1178609,0116","Parada Campos de Paz","192,45539764012","15"
295224,"1509061",1,"Normal","15090610053",,0,"158,79","832723,6389","1178563,5433","Parada Campos de Paz","336,047937496124","15"
295225,"1509061",1,"Normal","15090610065",,0,"156,83","832650,5838","1178518,1501","Parada Campos de Paz","256,754503402968","15"
295226,"1509061",1,"Normal","15090610019",,0,"89,99","832554,151","1178606,8824","Parada Campos de Paz","195,707116772325","15"
295227,"1509061",1,"Normal","15090610027",,0,"89,99","832509,276","1178623,9159","Parada Campos de Paz","173,839441165121","15"
295229,"1509061",1,"Normal","15090610061",,0,"148,29","832683,7548","1178535,0961","Parada Campos de Paz","291,732455694599","15"
295230,"1509061",1,"Normal","15090610062",,0,"156,91","832675,9928","1178529,624","Parada Campos de Paz","283,297169213596","15"
295232,"1509061",1,"Normal","15090610028",,0,90,"832503,6663","1178626,045","Parada Campos de Paz","171,854671582348","15"
295234,"1509061",1,"Normal","15090610011",,0,"104,99","832606,0377","1178587,1873","Parada Campos de Paz","231,0652816257","15"
295237,"1509061",1,"Normal","15090610021",,0,90,"832542,9325","1178611,1412","Parada Campos de Paz","189,338409074953","15"
295238,"1509061",1,"Normal","15090610023",,0,"89,99","832531,7137","1178615,3991","Parada Campos de Paz","183,533568526168","15"
295239,"1509061",1,"Normal","15090610029",,0,"83,47","832497,9634","1178630,7298","Parada Campos de Paz","172,049135286391","15"
295240,"1509061",1,"Normal","15090610001",,0,"157,78","832673,3486","1178562,1407","Parada Campos de Paz","286,738291380469","15"
295241,"1509061",1,"Normal","15090610043",,0,"166,18","832657,2039","1178501,8621","Parada Campos de Paz","262,301561177427","15"
295242,"1509061",1,"Normal","15090610054",,0,"195,84","832727,9646","1178572,6146","Parada Campos de Paz","342,277338502425","15"
295583,"1509061",1,"Normal","15090610017",,0,"104,99","832566,7721","1178602,0915","Parada Campos de Paz","203,481127564256","15"
295584,"1509061",1,"Normal","15090610024",,0,"89,99","832526,1043","1178617,5283","Parada Campos de Paz","180,860301401294","15"
295585,"1509061",1,"Normal","15090610045",,0,"166,91","832674,6314","1178508,9877","Parada Campos de Paz","280,026557901248","15"
295586,"1509061",1,"Normal","15090610055",,0,"174,08","832714,3705","1178582,8216","Parada Campos de Paz","331,69752278231","15"
295587,"1509061",1,"Normal","15090610009",,0,"104,99","832619,1263","1178582,2193","Parada Campos de Paz","241,186618691611","15"
295588,"1509061",1,"Normal","15090610051",,0,"169,65","832715,4242","1178547,2638","Parada Campos de Paz","324,906693807411","15"
295590,"1509061",1,"Normal","15090610005",,0,"104,99","832645,3035","1178572,2831","Parada Campos de Paz","262,501391848445","15"
295591,"1509061",1,"Normal","15090610007",,0,"104,99","832632,2149","1178577,2512","Parada Campos de Paz","251,6802086791","15"
295593,"1509061",1,"Normal","15090610041",,0,"172,55","832639,0938","1178498,2963","Parada Campos de Paz","244,106702257084","15"
295594,"1509061",1,"Normal","15090610064",,0,"156,81","832659,5322","1178520,8984","Parada Campos de Paz","265,932738000048","15"
295595,"1509061",1,"Normal","15090610010",,0,"104,99","832612,582","1178584,7034","Parada Campos de Paz","236,076411205938","15"
295596,"1509061",1,"Normal","15090610026",,0,"89,99","832514,8855","1178621,7867","Parada Campos de Paz","176,006352866178","15"
295598,"1509061",1,"Normal","15090610049",,0,"169,88","832704,6515","1178531,9864","Parada Campos de Paz","312,01872657062","15"
295599,"1509061",1,"Normal","15090610050",,0,"164,8","832710,4533","1178539,335","Parada Campos de Paz","318,758826920252","15"
295600,"1509061",1,"Normal","15090610058",,0,"147,11","832701,5107","1178556,4451","Parada Campos de Paz","312,932545250422","15"
295602,"1509061",1,"Normal","15090610059",,0,"147,66","832696,3682","1178548,7286","Parada Campos de Paz","306,400998217808","15"
295603,"1509061",1,"Normal","15090610006",,0,"104,99","832638,7592","1178574,7671","Parada Campos de Paz","257,052380959195","15"
295604,"1509061",1,"Normal","15090610008",,0,"104,99","832625,6705","1178579,7353","Parada Campos de Paz","246,389738743179","15"
295605,"1509061",1,"Normal","15090610046",,0,"171,08","832682,8298","1178513,8807","Parada Campos de Paz","288,519784883773","15"
295606,"1509061",1,"Normal","15090610004",,0,"104,99","832651,8478","1178569,7992","Parada Campos de Paz","268,022538195871","15"
295607,"1509061",1,"Normal","15090610012",,0,"104,99","832599,4934","1178589,6713","Parada Campos de Paz","226,159930249269","15"
295608,"1509061",1,"Normal","15090610060",,0,"147,48","832690,4801","1178541,5135","Parada Campos de Paz","299,360035160726","15"
295609,"1509061",1,"Normal","15090610015",,0,"104,99","832579,8607","1178597,1234","Parada Campos de Paz","212,150810464413","15"
295611,"1509061",1,"Normal","15090610044",,0,"170,75","832666,1171","1178504,8138","Parada Campos de Paz","271,317867196539","15"
295612,"1509061",1,"Normal","15090610057",,0,"150,95","832705,8187","1178564,8956","Parada Campos de Paz","318,952344232994","15"
110983,"1511001",1,"Normal","15110010046",,0,"4327,13","832792,9975","1177991,1174","Parada Guayabal","155,029433288444","15"
110984,"1511001",1,"Normal","15110010039",,0,"7775,42","832776,4728","1177955,1536","Parada Guayabal","186,111948849457","15"
111215,"1511999",1,"Via","15119990018",,0,"213,96","832871,2022","1177989,7708","Parada Guayabal","89,0573026388206","15"
115342,"1511001",1,"Normal","15110010041",,0,"852,5","832844,5687","1178008,0186","Parada Guayabal","101,001635634498","15"
115406,"1511999",1,"Via","15119990011",,0,"28,87","832734,3485","1178060,7851","Parada Guayabal","202,009106977605","15"
121567,"1511001",1,"Normal","15110010002",,0,"872,33","832766,7949","1178052,1706","Parada Guayabal","169,316703011761","15"
122132,"1511999",1,"Via","15119990019",,0,"377,28","832879,8949","1178018,5529","Parada Guayabal","64,7454275638535","15"
122133,"1511999",1,"Via","15119990017",,0,"64,7","832728,2267","1178046,0079","Parada Guayabal","207,917556974282","15"
122329,"1511001",1,"Normal","15110010040",,0,"2986,93","832792,357","1178018,7004","Parada Guayabal","147,25805122369","15"
123264,"1511001",1,"Normal","15110010042",,0,"1903,44","832835,8714","1178031,0863","Parada Guayabal","102,130352153744","15"
123265,"1511001",1,"Normal","15110010001",,0,"1738,49","832841,9027","1178058,1456","Parada Guayabal","94,5271545649956","15"
125930,"1511999",1,"Via","15119990004",,0,"273,33","832602,6025","1177911,6072","Parada Guayabal","361,412476181739","15"
127773,"1511999",1,"Via","15119990009",,0,"240,23","832687,7162","1177973,1311","Parada Guayabal","260,223624781372","15"
128881,"1511999",1,"Via","15119990014",,0,"568,28","832659,2981","1177962,1554","Parada Guayabal","290,632948741007","15"
129144,"1511001",1,"Lote","15110010058",,0,"780,8","832622,8625","1177900,1175","Parada Guayabal","347,657443690305","15"
268345,"1511001",1,"Normal","15110010044",,0,"3885,45","832785,6562","1178083,7775","Parada Guayabal","154,101602651184","15"
269197,"1511001",1,"Normal","15110010045",,0,"265,3","832647,329","1177913,4624","Parada Guayabal","319,814101658646","15"
114454,"1509999",1,"Via","15099990073",,0,"114,1","832831,1678","1178149,9625","Parada Guayabal","144,77752108043","15"
117057,"1509999",1,"Via","15099990074",,0,"103,68","832810,3619","1178161,7874","Parada Guayabal","168,124737911134","15"
117076,"1509999",1,"Via","15099990075",,0,"103,83","832790,6803","1178172,8924","Parada Guayabal","190,2946358075","15"
123442,"1509013",1,"Normal","15090130023",,0,"139,99","832935,9247","1178190,6806","Parada Guayabal","140,572543648249","15"
123955,"1509013",1,"Normal","15090130022",,0,"139,99","832933,2588","1178184,2083","Parada Guayabal","134,111128346814","15"
126186,"1509999",1,"Via","15099990080",,0,"49,24","832913,986","1178131,9878","Parada Guayabal","84,6485144715848","15"
128700,"1509013",1,"Normal","15090130024",,0,"139,99","832938,5907","1178197,1529","Parada Guayabal","147,084961626423","15"
132474,"1509999",1,"Via","15099990055",,,"1420,07","832811,7826","1178151,3987","Parada Guayabal","131,528551004024","15"
135333,"1509013",1,"Separador Vial o Zona Verde","15090130039",,0,"39,39","832780,1572","1178190,0932","Parada Guayabal","209,560373841861","15"
264724,"1509013",1,"Normal","15090130021",,0,"139,99","832930,5927","1178177,736","Parada Guayabal","127,708461132814","15"
114858,"1509007",1,"Separador Vial o Zona Verde","15090070001",,0,"3543,86","833018,954","1178040,4965","Parada Guayabal","70,1052748311542","15"
122603,"1509015",1,"Normal","15090150004",,0,"143,45","833009,1013","1178146,4956","Parada Guayabal","120,766464653515","15"
114857,"1509006",1,"Normal","15090060002",,0,"825,74","833118,7627","1178025,0643","Parada Guayabal","184,355454907698","15"
119972,"1509006",1,"Normal","15090060007",,0,"807,91","833125,1378","1177982,296","Parada Guayabal","200,967449780825","15"
123573,"1509006",1,"Normal","15090060003",,0,"987,73","833097,65","1178032,9855","Parada Guayabal","162,425321534512","15"
123574,"1509006",1,"Normal","15090060001",,0,"979,1","833139,2551","1178016,6956","Parada Guayabal","205,88161117841","15"
126080,"1509006",1,"Normal","15090060004",,0,"2191,39","833063,5014","1178033,8506","Parada Guayabal","128,423359282585","15"
108096,"1511001",1,"Normal","15110010005",,0,"163,67","832560,3483","1177840,1886","Parada Guayabal","430,902309043034","15"
110318,"1511001",1,"Lote","15110010047",,0,"58,32","832588,036","1177819,0703","Parada Guayabal","418,367480194601","15"
111784,"1511004",1,"Normal","15110040018",,0,"43,58","832557,141","1177778,3713","Parada Guayabal","467,021459316934","15"
114204,"1511004",1,"Normal","15110040019",,0,"53,46","832554,8642","1177774,3596","Parada Guayabal","471,224694090848","15"
114205,"1511004",1,"Normal","15110040014",,0,"145,3","832562,4118","1177788,8715","Parada Guayabal","456,621706530379","15"
114206,"1511004",1,"Normal","15110040017",,0,"41,73","832552,6603","1177783,4284","Parada Guayabal","467,739089482027","15"
115680,"1511001",1,"Normal","15110010049",,0,"293,42","832586,458","1177828,5798","Parada Guayabal","414,479644359435","15"
116222,"1511004",1,"Normal","15110040015",,0,"80,66","832556,8972","1177793,2065","Parada Guayabal","458,682897051759","15"
119586,"1511001",1,"Normal","15110010014",,0,158,"832590,9317","1177804,6999","Parada Guayabal","424,177056180199","15"
119596,"1511004",1,"Normal","15110040011",,0,"160,98","832576,1291","1177779,8335","Parada Guayabal","450,870800761631","15"
120455,"1511004",1,"Normal","15110040013","2",0,"93,44","832567,098","1177784,3159","Parada Guayabal","455,460140090217","15"
120852,"1511001",1,"Normal","15110010012",,0,"174,82","832578,0757","1177814,646","Parada Guayabal","429,117994604761","15"
122385,"1511001",1,"Normal","15110010006",,0,"83,59","832555,7163","1177835,0356","Parada Guayabal","437,476881972381","15"
122386,"1511001",1,"Normal","15110010015",,0,"78,16","832595,7255","1177815,6274","Parada Guayabal","413,950526342085","15"
125799,"1511004",1,"Normal","15110040012","2",0,"88,63","832570,9129","1177782,8923","Parada Guayabal","453,220469991467","15"
129405,"1511001",1,"Normal","15110010011",,0,"176,51","832571,4476","1177817,4648","Parada Guayabal","433,128683536507","15"
129534,"1511001",1,"Normal","15110010008",,0,"113,41","832552,0077","1177821,2302","Parada Guayabal","447,659404942027","15"
129536,"1511001",1,"Normal","15110010013",,0,"114,79","832583,0114","1177808,148","Parada Guayabal","428,673286442765","15"
130876,"1511001",1,"Normal","15110010009",,0,"76,79","832557,7732","1177819,2394","Parada Guayabal","443,765082692261","15"
135212,"1511001",1,"Normal","15110010010",,0,"181,26","832564,7538","1177820,2917","Parada Guayabal","437,272765453058","15"
135216,"1511001",1,"Normal","15110010007",,0,"80,25","832556,8839","1177829,8431","Parada Guayabal","439,065349617062","15"
268759,"1511004",1,"Normal","15110040016",,0,"63,21","832552,7126","1177796,6135","Parada Guayabal","460,247051343487","15"
103839,"1506001",1,"Normal","15060010028",,0,1001,"832180,1774","1178635,0712","Parada Campos de Paz","257,562544506823","15"
103841,"1506001",1,"Normal","15060010045","0",,"1219,74","832161,8999","1178671,5309","Parada Campos de Paz","293,699126333603","15"
103842,"1506001",1,"Lote","15060010048","0",,"721,12","832154,9687","1178780,7472","Parada Campos de Paz","375,110791602586","15"
115714,"1506001",1,"Normal","15060010046","0",,"1211,48","832143,9889","1178710,1395","Parada Campos de Paz","332,071916843369","15"
115715,"1506001",1,"Normal","15060010047","0",,"1398,72","832143,825","1178753,2042","Parada Campos de Paz","361,953994619774","15"
